training_loss,validation_loss
0.13376558,0.035816222
0.026404737,0.02017946
0.011369959,0.005658439
0.003957717,0.0029316288
0.0024661662,0.0020977086
0.001810426,0.0015160016
0.0012406672,0.0010051827
0.00083138247,0.000685931
0.0005887791,0.0004985104
0.00043397135,0.00037294618
0.00034007456,0.00031203448
0.00027607102,0.0002779333
0.0002344573,0.00021964879
0.00020191702,0.00018235357
0.0001795003,0.00016109316
0.00015952348,0.00015022795
0.00014361631,0.00012970585
0.00013090971,0.00011737406
0.00012064603,0.00015352
0.00010995142,9.946344e-05
0.00010402152,9.589706e-05
9.5568925e-05,0.0001384981
8.9476525e-05,7.893443e-05
8.446176e-05,7.530402e-05
7.9442274e-05,7.109674e-05
7.535811e-05,7.303804e-05
7.1750546e-05,6.308723e-05
6.828151e-05,5.9119404e-05
6.612159e-05,5.883581e-05
6.152081e-05,5.5006414e-05
5.9911523e-05,5.2523585e-05
5.787966e-05,0.000255438
5.636744e-05,5.1864874e-05
5.6906454e-05,5.1116996e-05
5.09268e-05,4.752801e-05
4.9904338e-05,4.365586e-05
4.9230268e-05,4.375483e-05
4.799199e-05,4.153826e-05
4.748084e-05,4.273718e-05
4.4707467e-05,4.002181e-05
4.482938e-05,3.9528193e-05
4.2616375e-05,4.098565e-05
4.2405103e-05,3.870306e-05
4.130292e-05,3.6014986e-05
4.09396e-05,3.777393e-05
3.9678154e-05,3.5114575e-05
3.9328985e-05,3.588831e-05
3.8288894e-05,3.445277e-05
3.8013695e-05,3.830937e-05
3.7423997e-05,3.367785e-05
3.7073307e-05,3.610658e-05
3.679546e-05,3.1795615e-05
3.5016965e-05,3.4858585e-05
3.5364716e-05,3.298671e-05
3.530591e-05,3.407792e-05
3.363583e-05,3.008258e-05
3.4089808e-05,3.164454e-05
3.3450706e-05,3.0261228e-05
3.3316282e-05,3.659025e-05
3.3109973e-05,3.0038427e-05
3.2074273e-05,3.246512e-05
3.2210926e-05,3.3297543e-05
3.2006297e-05,2.8512768e-05
3.1252875e-05,4.1176816e-05
3.1003663e-05,2.8861385e-05
3.089809e-05,2.9702951e-05
3.0975614e-05,2.7494836e-05
3.0116931e-05,3.0716594e-05
3.0166546e-05,3.1452157e-05
2.981441e-05,3.830241e-05
2.9773675e-05,4.905146e-05
2.958568e-05,2.8010081e-05
2.9047918e-05,2.9105444e-05
2.921655e-05,2.6497724e-05
2.8684255e-05,2.6468291e-05
2.8371847e-05,2.5522657e-05
2.8454055e-05,2.5363135e-05
2.8430977e-05,2.788387e-05
2.7896032e-05,2.9492481e-05
2.791032e-05,3.324776e-05
2.7416043e-05,2.545698e-05
2.7573635e-05,2.5974889e-05
2.7199756e-05,2.7102735e-05
2.6948548e-05,3.6205587e-05
2.690788e-05,2.4799363e-05
2.6675118e-05,3.6651672e-05
2.688212e-05,3.9274884e-05
2.6540172e-05,3.5298242e-05
2.6400994e-05,2.3584507e-05
2.6662392e-05,2.4811146e-05
2.5873818e-05,2.6713624e-05
2.6262223e-05,2.3724026e-05
2.5425315e-05,2.3065926e-05
2.5752894e-05,2.4229472e-05
2.5460778e-05,2.433026e-05
2.5879086e-05,2.355979e-05
2.5005942e-05,2.410365e-05
2.500518e-05,2.322893e-05
2.4882896e-05,3.0004541e-05
2.519759e-05,2.4625233e-05
2.4589803e-05,2.2810158e-05
2.4516934e-05,2.2526623e-05
2.446906e-05,2.3240935e-05
2.4711908e-05,2.8322414e-05
2.41971e-05,2.3943845e-05
2.428038e-05,2.2096976e-05
2.4183659e-05,2.2705899e-05
2.4255158e-05,2.2545006e-05
2.3807286e-05,2.3516523e-05
2.3928314e-05,2.1908574e-05
2.3666229e-05,5.050231e-05
2.3570456e-05,2.4339288e-05
2.3660425e-05,2.1437436e-05
2.3402492e-05,2.2279675e-05
2.3502425e-05,2.3403734e-05
2.3199053e-05,2.1422073e-05
2.3313834e-05,2.1345086e-05
2.3157383e-05,2.1243104e-05
2.31519e-05,2.1400188e-05
2.2924045e-05,2.7958618e-05
2.2780514e-05,2.246585e-05
2.2613274e-05,2.4136345e-05
2.27829e-05,2.3354927e-05
2.269959e-05,2.7048687e-05
2.246196e-05,2.1678361e-05
2.267644e-05,2.2814578e-05
2.2326369e-05,2.0906788e-05
2.232919e-05,2.2662261e-05
2.218761e-05,2.0611016e-05
2.2103688e-05,2.4488316e-05
2.21255e-05,2.0364509e-05
2.1993634e-05,2.094849e-05
2.1873617e-05,2.0011836e-05
2.2312657e-05,2.0153226e-05
2.1789505e-05,2.2366918e-05
2.166958e-05,2.0416397e-05
2.1661193e-05,2.0605356e-05
2.1589187e-05,2.0053005e-05
2.1547408e-05,2.117649e-05
2.1405725e-05,2.1197746e-05
2.160219e-05,2.1362093e-05
2.1220567e-05,2.0840072e-05
2.1789228e-05,1.9869294e-05
2.1118358e-05,2.0695705e-05
2.1344527e-05,1.9420519e-05
2.1141786e-05,2.0367352e-05
2.1105043e-05,1.9420315e-05
2.0996684e-05,2.171448e-05
2.0938664e-05,1.975983e-05
2.089911e-05,2.303157e-05
2.0766498e-05,2.1466103e-05
2.1046295e-05,2.0708194e-05
2.0480838e-05,2.109909e-05
2.0960028e-05,2.0934436e-05
2.0674857e-05,1.9532654e-05
2.0734138e-05,1.9660449e-05
2.0410109e-05,2.2358281e-05
2.0990521e-05,1.9164878e-05
2.0167761e-05,2.0553127e-05
2.0629732e-05,2.0332574e-05
2.0565749e-05,2.0047022e-05
2.0013966e-05,2.8267674e-05
2.033123e-05,1.9314737e-05
2.0300193e-05,2.0567493e-05
2.0199996e-05,2.0572505e-05
2.0084835e-05,1.9450317e-05
2.0173464e-05,2.0206968e-05
2.0172965e-05,1.9752983e-05
1.9891564e-05,1.9138875e-05
2.0046098e-05,1.8927183e-05
2.0043019e-05,1.9063602e-05
1.9771865e-05,2.0680694e-05
1.9840558e-05,2.4861998e-05
1.9722149e-05,1.9409352e-05
1.9946232e-05,2.1868207e-05
1.9716503e-05,1.8289624e-05
1.9419223e-05,2.0400548e-05
1.9749383e-05,1.9543833e-05
1.9722074e-05,2.2536196e-05
1.9425303e-05,1.8944502e-05
1.9743624e-05,1.9361998e-05
1.9423942e-05,1.912457e-05
1.9354335e-05,1.8135308e-05
1.9403471e-05,1.8229022e-05
1.9284262e-05,1.8070115e-05
1.9315974e-05,1.7848542e-05
1.9352208e-05,1.8449677e-05
1.9074421e-05,1.9303216e-05
1.9209772e-05,1.8347228e-05
1.905036e-05,2.1829142e-05
1.9237035e-05,1.782847e-05
1.8879193e-05,2.0331741e-05
1.8993713e-05,2.3615341e-05
1.9015977e-05,1.8186016e-05
1.893273e-05,3.515366e-05
1.8722156e-05,1.9792114e-05
1.8847808e-05,1.7893148e-05
1.8876704e-05,1.7587088e-05
1.8639112e-05,1.75071e-05
1.8674495e-05,1.8924315e-05
1.8698553e-05,2.007143e-05
1.85168e-05,2.0508458e-05
1.8577153e-05,1.9784968e-05
1.856235e-05,1.7409156e-05
1.8630117e-05,1.9673622e-05
1.8517077e-05,1.7466024e-05
1.8324863e-05,1.8509309e-05
1.858356e-05,1.8984036e-05
1.8300718e-05,1.9426956e-05
1.8330375e-05,1.847538e-05
1.833467e-05,1.7263426e-05
1.8337649e-05,1.7338954e-05
1.826869e-05,2.9820163e-05
1.8105757e-05,1.8577726e-05
1.8262117e-05,1.7050363e-05
1.8160918e-05,1.6983751e-05
1.8146577e-05,1.7135191e-05
1.8085953e-05,1.6910246e-05
1.8063662e-05,1.828124e-05
1.823433e-05,1.7477698e-05
1.8010936e-05,1.729453e-05
1.7961187e-05,1.7044506e-05
1.8040675e-05,1.677657e-05
1.7894701e-05,2.5745027e-05
1.7834785e-05,1.672588e-05
1.7869032e-05,1.8212713e-05
1.7814393e-05,1.7607443e-05
1.7805289e-05,1.6993292e-05
1.7788605e-05,1.6596034e-05
1.7858692e-05,1.7397944e-05
1.7674305e-05,1.6931306e-05
1.7634049e-05,2.2558927e-05
1.7680713e-05,1.6679245e-05
1.7483177e-05,1.923204e-05
1.7647608e-05,1.8728928e-05
1.7534509e-05,1.8252338e-05
1.7521694e-05,2.1979471e-05
1.7544571e-05,2.0392685e-05
1.7372044e-05,1.6398842e-05
1.7484766e-05,1.7261238e-05
1.7299933e-05,1.9028997e-05
1.72958e-05,1.6387321e-05
1.7509548e-05,1.810359e-05
1.7462695e-05,1.8691706e-05
1.719545e-05,1.698742e-05
1.7323038e-05,1.6395179e-05
1.7197872e-05,1.6177575e-05
1.7185233e-05,1.7311404e-05
1.7133403e-05,1.8313398e-05
1.7171256e-05,1.629538e-05
1.705228e-05,1.7238448e-05
1.7183154e-05,1.686968e-05
1.7099317e-05,1.7558177e-05
1.699352e-05,1.6151766e-05
1.6941985e-05,1.6412603e-05
1.6999014e-05,1.6463126e-05
1.6922855e-05,1.6631466e-05
1.7003276e-05,1.7169035e-05
1.6819607e-05,1.613798e-05
1.6792394e-05,1.597228e-05
1.6978529e-05,1.584026e-05
1.6890503e-05,1.7262057e-05
1.6683625e-05,1.8757044e-05
1.6954675e-05,1.617752e-05
1.6794278e-05,1.6179745e-05
1.673043e-05,1.6841233e-05
1.6794049e-05,1.6876413e-05
1.659636e-05,1.6424503e-05
1.6580143e-05,1.598245e-05
1.6558297e-05,1.7171387e-05
1.657957e-05,1.5610998e-05
1.6769385e-05,1.59778e-05
1.651101e-05,1.6554062e-05
1.6565109e-05,1.59687e-05
1.6485883e-05,1.9827718e-05
1.6445345e-05,1.5873075e-05
1.6327658e-05,1.5419995e-05
1.6419459e-05,1.5608082e-05
1.638087e-05,1.5817399e-05
1.6313863e-05,1.5645466e-05
1.6400267e-05,1.5783527e-05
1.6218546e-05,1.6076563e-05
1.6423985e-05,1.5868185e-05
1.6132757e-05,1.7592974e-05
1.6325246e-05,1.7033346e-05
1.6109e-05,1.6367028e-05
1.6229955e-05,1.603386e-05
1.6238679e-05,1.964592e-05
1.6222988e-05,2.4915016e-05
1.602933e-05,1.6404845e-05
1.6261223e-05,1.51495615e-05
1.597432e-05,1.8306882e-05
1.6041207e-05,1.5619607e-05
1.6006023e-05,1.5404434e-05
1.5885395e-05,1.6143611e-05
1.6139416e-05,1.56203e-05
1.5971134e-05,1.5061116e-05
1.593296e-05,1.4929085e-05
1.5844744e-05,1.529034e-05
1.5938982e-05,1.630428e-05
1.5845646e-05,1.6106602e-05
1.5956524e-05,1.6221305e-05
1.568102e-05,1.610236e-05
1.5724572e-05,1.5511721e-05
1.5816719e-05,1.5185914e-05
1.5643762e-05,1.5776412e-05
1.5658043e-05,1.6602782e-05
1.5722142e-05,1.5454338e-05
1.5637135e-05,1.5195019e-05
1.565263e-05,1.4949517e-05
1.5696907e-05,1.5553427e-05
1.5483414e-05,1.5138091e-05
1.5663865e-05,1.546234e-05
1.548492e-05,1.548116e-05
1.5473395e-05,1.535031e-05
1.5598962e-05,1.5605374e-05
1.5381056e-05,1.52489565e-05
1.550761e-05,1.5366766e-05
1.5325266e-05,2.0051104e-05
1.5478134e-05,1.4910787e-05
1.5358153e-05,1.4625645e-05
1.5465852e-05,1.6344897e-05
1.5320482e-05,1.5674521e-05
1.5328114e-05,1.5772666e-05
1.5336149e-05,1.4518096e-05
1.5235165e-05,1.4770064e-05
1.5267378e-05,1.5012087e-05
1.5210131e-05,1.5133371e-05
1.5207327e-05,1.4620201e-05
1.522494e-05,1.5798367e-05
1.5221245e-05,1.5454865e-05
1.51387485e-05,1.6979322e-05
1.5016139e-05,1.6831276e-05
1.5065777e-05,1.4797865e-05
1.5144633e-05,1.7325325e-05
1.5070242e-05,1.5978778e-05
1.4938924e-05,1.4527797e-05
1.5159379e-05,1.469937e-05
1.4965733e-05,1.9355837e-05
1.5165861e-05,1.5594731e-05
1.485544e-05,1.4358794e-05
1.4995043e-05,1.6132472e-05
1.4933359e-05,1.5023128e-05
1.4832307e-05,1.4404067e-05
1.4873257e-05,1.4204792e-05
1.4834149e-05,1.7228023e-05
1.4824001e-05,1.46983975e-05
1.4810968e-05,1.7294073e-05
1.4746273e-05,1.5470261e-05
1.4724809e-05,1.3979308e-05
1.4697928e-05,1.5173485e-05
1.4666293e-05,1.4329919e-05
1.4640712e-05,1.9697716e-05
1.47084675e-05,1.4181415e-05
1.4563407e-05,1.4008811e-05
1.4629985e-05,1.649374e-05
1.4633732e-05,1.4087911e-05
1.4596696e-05,1.4457681e-05
1.4524267e-05,1.4515461e-05
1.45902595e-05,1.3983362e-05
1.4593014e-05,1.4866469e-05
1.4551199e-05,1.4444203e-05
1.4510531e-05,1.4881888e-05
1.44428595e-05,1.5680156e-05
1.4422691e-05,1.5639363e-05
1.4400857e-05,1.42742e-05
1.4452391e-05,1.416166e-05
1.4342379e-05,1.4124717e-05
1.4331377e-05,1.4155798e-05
1.4352629e-05,1.4564209e-05
1.4201991e-05,1.392514e-05
1.43332345e-05,1.3738853e-05
1.4349439e-05,1.6597913e-05
1.42871595e-05,1.4441529e-05
1.4235494e-05,1.5955793e-05
1.4215937e-05,2.0612073e-05
1.4226263e-05,1.3845212e-05
1.4183624e-05,1.402581e-05
1.4278957e-05,1.4196818e-05
1.4244805e-05,1.3725695e-05
1.4133533e-05,1.3599386e-05
1.4039707e-05,1.4796909e-05
1.4089912e-05,1.7622337e-05
1.4147096e-05,1.36841145e-05
1.41223845e-05,1.460435e-05
1.3967548e-05,1.5817364e-05
1.4066101e-05,1.4203708e-05
1.40735765e-05,1.4279e-05
1.3950039e-05,1.4158335e-05
1.3940054e-05,1.528218e-05
1.4014186e-05,1.4254386e-05
1.3852482e-05,1.5209354e-05
1.3972253e-05,1.3690676e-05
1.3856882e-05,1.3507009e-05
1.3900643e-05,1.3810147e-05
1.3900598e-05,1.4500705e-05
1.3821158e-05,1.5703965e-05
1.3777199e-05,1.4843771e-05
1.3744412e-05,1.4236216e-05
1.3780526e-05,1.4066526e-05
1.37930265e-05,1.3594626e-05
1.3757713e-05,1.30528715e-05
1.3767312e-05,1.39412505e-05
1.3664363e-05,1.355362e-05
1.3760116e-05,1.3674799e-05
1.3695553e-05,1.3759862e-05
1.359008e-05,1.5223966e-05
1.3580927e-05,1.3405461e-05
1.3634528e-05,1.3335375e-05
1.3675763e-05,1.5469299e-05
1.35491e-05,1.3246061e-05
1.36561775e-05,1.3547986e-05
1.3526034e-05,1.3125751e-05
1.3504493e-05,1.4955006e-05
1.3543732e-05,1.3441476e-05
1.3465187e-05,1.3428503e-05
1.3525091e-05,1.4907242e-05
1.3486569e-05,1.3909691e-05
1.3458411e-05,1.3531098e-05
1.344268e-05,1.3446584e-05
1.3399274e-05,1.4568485e-05
1.341656e-05,1.3743124e-05
1.3427329e-05,1.3696273e-05
1.3354085e-05,1.3628139e-05
1.3308564e-05,1.42444005e-05
1.33540025e-05,1.3286143e-05
1.334768e-05,1.2909142e-05
1.3233295e-05,1.2715906e-05
1.32928335e-05,1.310099e-05
1.3334748e-05,1.339474e-05
1.326302e-05,1.3487123e-05
1.3232028e-05,1.3293672e-05
1.3219439e-05,1.2726979e-05
1.3118808e-05,1.4766086e-05
1.326524e-05,1.3928365e-05
1.3236807e-05,1.3109276e-05
1.3239273e-05,1.2972604e-05
1.3066117e-05,1.3718147e-05
1.3144111e-05,1.3934733e-05
1.305218e-05,1.8091108e-05
1.3113406e-05,1.3035774e-05
1.3149741e-05,1.2928164e-05
1.3056485e-05,1.3042899e-05
1.3069671e-05,1.8444207e-05
1.3028885e-05,1.2536822e-05
1.2970733e-05,1.3352766e-05
1.30243225e-05,1.2920688e-05
1.3004809e-05,1.2524651e-05
1.29337295e-05,1.4174393e-05
1.299662e-05,1.3469426e-05
1.3007809e-05,1.419168e-05
1.2879025e-05,1.2700525e-05
1.2946454e-05,1.2561641e-05
1.2860969e-05,1.2794186e-05
1.2967937e-05,1.3261685e-05
1.2786328e-05,1.29909795e-05
1.2822029e-05,1.5567934e-05
1.2938592e-05,1.4141183e-05
1.2765228e-05,1.2597431e-05
1.2745289e-05,1.3642309e-05
1.2813717e-05,1.311742e-05
1.2725645e-05,1.3186654e-05
1.2792071e-05,1.397141e-05
1.2711252e-05,1.2384005e-05
1.2689507e-05,1.2727706e-05
1.2720823e-05,1.2284349e-05
1.2685123e-05,1.2384808e-05
1.2663743e-05,1.3691592e-05
1.2642385e-05,1.2468382e-05
1.2719259e-05,1.2248314e-05
1.25581155e-05,1.22845695e-05
1.2596009e-05,1.2212098e-05
1.2581481e-05,1.22221945e-05
1.2630557e-05,1.423052e-05
1.2539952e-05,1.5119773e-05
1.25844035e-05,1.3089625e-05
1.2521742e-05,1.2397623e-05
1.25993165e-05,1.2879128e-05
1.2500174e-05,1.385643e-05
1.2527904e-05,1.2501318e-05
1.2430974e-05,1.4895434e-05
1.2498185e-05,1.3526244e-05
1.2454551e-05,1.2640016e-05
1.2510801e-05,1.5338768e-05
1.2379694e-05,1.2166776e-05
1.2467211e-05,1.2993909e-05
1.23738555e-05,1.2222238e-05
1.2415999e-05,1.4286253e-05
1.2402681e-05,1.2034448e-05
1.2416934e-05,1.2772573e-05
1.2298037e-05,1.2841726e-05
1.2415904e-05,1.2142762e-05
1.2334104e-05,1.2474381e-05
1.2304926e-05,1.26063e-05
1.2280414e-05,1.2653529e-05
1.2345586e-05,1.2344906e-05
1.2270518e-05,1.3032169e-05
1.2205955e-05,1.2350569e-05
1.2196615e-05,1.21359035e-05
1.2288939e-05,1.1959754e-05
1.2263118e-05,1.18445405e-05
1.22328975e-05,1.21601215e-05
1.2143862e-05,1.3819821e-05
1.2216011e-05,1.23557165e-05
1.21777975e-05,1.3616011e-05
1.211653e-05,1.2538357e-05
1.2085082e-05,1.2631689e-05
1.2168385e-05,1.1665187e-05
1.2174148e-05,1.1991639e-05
1.210702e-05,1.1835999e-05
1.2177508e-05,1.1844318e-05
1.1992396e-05,1.2186528e-05
1.2104974e-05,1.2164361e-05
1.2053592e-05,1.2534901e-05
1.2157039e-05,1.2291452e-05
1.20169125e-05,1.219466e-05
1.203108e-05,1.1745142e-05
1.2009648e-05,1.1655181e-05
1.1999129e-05,1.2524532e-05
1.1963555e-05,1.3082482e-05
1.1928282e-05,1.1928742e-05
1.2013976e-05,1.1957671e-05
1.1921755e-05,1.2950948e-05
1.1908844e-05,1.2167887e-05
1.1970653e-05,1.2092782e-05
1.1928228e-05,1.3027655e-05
1.18661055e-05,1.14979275e-05
1.19194165e-05,1.1840223e-05
1.1878571e-05,1.6121714e-05
1.18313765e-05,1.2426948e-05
1.18854305e-05,1.1677603e-05
1.1849298e-05,1.3764791e-05
1.184793e-05,1.1328307e-05
1.1867206e-05,1.1985968e-05
1.1802149e-05,1.1410839e-05
1.1854575e-05,1.1551874e-05
1.1715599e-05,1.2037939e-05
1.1804546e-05,1.1916548e-05
1.1728466e-05,1.1399193e-05
1.1820244e-05,1.1325327e-05
1.1727603e-05,1.1439026e-05
1.1730275e-05,1.1836288e-05
1.1650189e-05,1.39582135e-05
1.1740558e-05,1.24807875e-05
1.1652307e-05,1.1516532e-05
1.1691809e-05,1.19288925e-05
1.1637071e-05,1.1382821e-05
1.171568e-05,1.1797524e-05
1.1618625e-05,1.2503584e-05
1.1606832e-05,1.1287804e-05
1.1641081e-05,1.3264872e-05
1.1647944e-05,1.2427142e-05
1.1541056e-05,1.2048369e-05
1.1638668e-05,1.2353068e-05
1.153672e-05,1.1495184e-05
1.1515612e-05,1.1346842e-05
1.154271e-05,1.211061e-05
1.1541102e-05,1.1477962e-05
1.1537223e-05,1.2148738e-05
1.1517804e-05,1.2972724e-05
1.1507639e-05,1.2436961e-05
1.1488189e-05,1.1260925e-05
1.151861e-05,1.1363627e-05
1.1404563e-05,1.1504433e-05
1.1425889e-05,1.1332675e-05
1.1495177e-05,1.2985207e-05
1.140882e-05,1.128804e-05
1.1466502e-05,1.2290568e-05
1.1428986e-05,1.2263477e-05
1.1379014e-05,1.3169123e-05
1.1359182e-05,1.3023552e-05
1.1419078e-05,1.1140137e-05
1.1368512e-05,1.1335141e-05
1.1373018e-05,1.1259638e-05
1.13587785e-05,1.1083473e-05
1.1331292e-05,1.1206752e-05
1.1386379e-05,1.1231648e-05
1.1295857e-05,1.2913305e-05
1.1333708e-05,1.276416e-05
1.1309339e-05,1.1179008e-05
1.1318473e-05,1.1437741e-05
1.12112075e-05,1.113813e-05
1.1267467e-05,1.3483535e-05
1.1301577e-05,1.2020983e-05
1.1290365e-05,1.10849505e-05
1.126386e-05,1.1639912e-05
1.1218169e-05,1.14421155e-05
1.1298486e-05,1.1166294e-05
1.1137764e-05,1.10916735e-05
1.123106e-05,1.1111328e-05
1.1125354e-05,1.0916763e-05
1.1224042e-05,1.0996846e-05
1.11474355e-05,1.21277e-05
1.1173928e-05,1.1617659e-05
1.1138957e-05,1.1041309e-05
1.1159004e-05,1.0886705e-05
1.1123018e-05,1.4062809e-05
1.1117643e-05,1.19501165e-05
1.1128934e-05,1.1348555e-05
1.1103446e-05,1.1186658e-05
1.1060671e-05,1.1337606e-05
1.1095633e-05,1.0899184e-05
1.1078399e-05,1.0828703e-05
1.1135645e-05,1.0988826e-05
1.1035921e-05,1.1222658e-05
1.1084406e-05,1.0760925e-05
1.1063345e-05,1.097954e-05
1.0989917e-05,1.2917209e-05
1.1041938e-05,1.1481497e-05
1.0999975e-05,1.1293251e-05
1.1046629e-05,1.0799096e-05
1.0965789e-05,1.2211394e-05
1.1055225e-05,1.29838345e-05
1.0937173e-05,1.1359041e-05
1.100079e-05,1.0610828e-05
1.0944023e-05,1.0973643e-05
1.1040717e-05,1.1715086e-05
1.092479e-05,1.0857421e-05
1.0938139e-05,1.125704e-05
1.0935584e-05,1.1058177e-05
1.0903047e-05,1.0840715e-05
1.0924279e-05,1.0588924e-05
1.0902033e-05,1.0768325e-05
1.0897257e-05,1.0935686e-05
1.08689765e-05,1.1275201e-05
1.0859009e-05,1.1868338e-05
1.0869194e-05,1.1489601e-05
1.0907852e-05,1.0679531e-05
1.0828474e-05,1.2080253e-05
1.08268505e-05,1.0658337e-05
1.0868021e-05,1.1715223e-05
1.08175755e-05,1.18660855e-05
1.0856974e-05,1.0694346e-05
1.07958895e-05,1.1169053e-05
1.0789668e-05,1.0655082e-05
1.0768795e-05,1.1399163e-05
1.0776374e-05,1.11086965e-05
1.0771526e-05,1.1203124e-05
1.0738652e-05,1.1023171e-05
1.07110955e-05,1.0891047e-05
1.0757197e-05,1.0982953e-05
1.0724886e-05,1.1894731e-05
1.0729687e-05,1.0639233e-05
1.0749769e-05,1.0819152e-05
1.0632363e-05,1.0767015e-05
1.0713939e-05,1.0334737e-05
1.0686335e-05,1.13626575e-05
1.0688853e-05,1.0812992e-05
1.0678964e-05,1.056836e-05
1.0629479e-05,1.0981767e-05
1.0638283e-05,1.1177803e-05
1.0647145e-05,1.0943381e-05
1.0589984e-05,1.0498489e-05
1.0637406e-05,1.1261162e-05
1.06512025e-05,1.0787425e-05
1.0643867e-05,1.0913937e-05
1.0541321e-05,1.0633881e-05
1.056359e-05,1.1332158e-05
1.0584482e-05,1.0810299e-05
1.0614894e-05,1.2079353e-05
1.0559539e-05,1.0599952e-05
1.06152165e-05,1.4853755e-05
1.04878e-05,1.0841418e-05
1.0525909e-05,1.1029358e-05
1.05864865e-05,1.171774e-05
1.0479798e-05,1.0713839e-05
1.0542581e-05,1.1779827e-05
1.0498858e-05,1.0743115e-05
1.04945375e-05,1.0906567e-05
1.0511017e-05,1.0829021e-05
1.0480976e-05,1.3262532e-05
1.0486945e-05,1.11821755e-05
1.0431065e-05,1.12290645e-05
1.0492125e-05,1.0953405e-05
1.0445815e-05,1.060092e-05
1.0479873e-05,1.17450845e-05
1.0461289e-05,1.1810108e-05
1.0438395e-05,1.0221194e-05
1.04272085e-05,1.1131245e-05
1.0392806e-05,1.10664805e-05
1.0423417e-05,1.046388e-05
1.0422299e-05,1.0367771e-05
1.0377334e-05,1.017557e-05
1.0348751e-05,1.215755e-05
1.0402453e-05,1.4117041e-05
1.0394645e-05,1.0167215e-05
1.0316062e-05,1.0258307e-05
1.0349033e-05,1.0758032e-05
1.0303635e-05,1.1129922e-05
1.0319404e-05,1.0038497e-05
1.0364021e-05,1.0172315e-05
1.0400528e-05,1.0257605e-05
1.0310057e-05,1.0349946e-05
1.02504655e-05,1.0054894e-05
1.0296716e-05,1.0197914e-05
1.0282242e-05,1.0370164e-05
1.026707e-05,1.0102104e-05
1.0249447e-05,1.0974722e-05
1.0270802e-05,1.11029085e-05
1.0224587e-05,1.03468865e-05
1.02230015e-05,1.0415667e-05
1.0246281e-05,1.0385492e-05
1.0205102e-05,1.0132461e-05
1.0255241e-05,1.1432285e-05
1.019065e-05,1.0039782e-05
1.0207889e-05,1.3904817e-05
1.0138779e-05,9.930882e-06
1.0232222e-05,9.933966e-06
1.0163255e-05,1.0382302e-05
1.019413e-05,1.0716363e-05
1.0185267e-05,1.0165141e-05
1.0094221e-05,1.0211188e-05
1.0183902e-05,1.0274741e-05
1.0137164e-05,1.0790459e-05
1.0183103e-05,1.0732271e-05
1.0141857e-05,9.806225e-06
1.0093143e-05,1.118625e-05
1.0137626e-05,1.096181e-05
1.0076596e-05,9.790977e-06
1.0094809e-05,9.991716e-06
1.0145325e-05,1.0395195e-05
1.0082982e-05,1.0048533e-05
1.0091661e-05,9.921178e-06
9.974336e-06,9.925152e-06
1.0081526e-05,1.0176434e-05
1.0039157e-05,1.0246431e-05
1.0056349e-05,1.0131166e-05
1.0079667e-05,1.0711827e-05
1.0017379e-05,1.0056644e-05
1.0051775e-05,9.993469e-06
9.985072e-06,1.0037549e-05
9.974342e-06,1.0311759e-05
9.970471e-06,1.1286973e-05
9.941795e-06,1.03161365e-05
9.991082e-06,1.1414024e-05
9.9335e-06,1.0206339e-05
9.963709e-06,9.926919e-06
9.945335e-06,1.0634878e-05
1.0022286e-05,1.204638e-05
9.906749e-06,1.1630876e-05
9.982278e-06,9.948943e-06
9.919636e-06,1.1546422e-05
9.935854e-06,1.14532995e-05
9.923835e-06,9.847046e-06
9.873481e-06,1.1962017e-05
9.956728e-06,1.0496671e-05
9.91018e-06,9.860268e-06
9.9042445e-06,9.907999e-06
9.875601e-06,1.2021029e-05
9.870171e-06,1.0628598e-05
9.911139e-06,1.0775773e-05
9.813158e-06,9.895172e-06
9.874105e-06,1.0246768e-05
9.857106e-06,1.0841505e-05
9.810952e-06,9.995581e-06
9.84334e-06,1.03807515e-05
9.805106e-06,1.0045426e-05
9.844386e-06,9.644991e-06
9.778851e-06,1.1861995e-05
9.865428e-06,9.810613e-06
9.776472e-06,1.02576905e-05
9.763684e-06,1.02229005e-05
9.81693e-06,1.1075947e-05
9.743085e-06,9.756638e-06
9.731832e-06,1.0594668e-05
9.785841e-06,1.13377055e-05
9.766967e-06,1.0213873e-05
9.739065e-06,1.070943e-05
9.718814e-06,1.001857e-05
9.721785e-06,1.0618796e-05
9.735667e-06,1.0178767e-05
9.722785e-06,9.790653e-06
9.727376e-06,9.506444e-06
9.645855e-06,1.2729326e-05
9.716651e-06,1.0587754e-05
9.741429e-06,1.0429767e-05
9.682e-06,9.404321e-06
9.616847e-06,1.0074404e-05
9.644355e-06,9.898246e-06
9.662095e-06,9.96592e-06
9.594937e-06,9.594915e-06
9.66303e-06,9.544861e-06
9.6506665e-06,9.524658e-06
9.639388e-06,9.7810325e-06
9.579197e-06,9.584776e-06
9.633238e-06,9.8034725e-06
9.585391e-06,1.0015665e-05
9.6276335e-06,9.487569e-06
9.567236e-06,1.0832842e-05
9.594119e-06,9.817506e-06
9.574194e-06,1.1105171e-05
9.527993e-06,1.0248635e-05
9.580359e-06,1.1167889e-05
9.537649e-06,1.0204825e-05
9.548187e-06,9.735477e-06
9.59365e-06,9.512471e-06
9.538567e-06,9.552345e-06
9.5351415e-06,9.472585e-06
9.476777e-06,9.945014e-06
9.531116e-06,9.970566e-06
9.474083e-06,9.611163e-06
9.476517e-06,1.0267438e-05
9.480397e-06,1.0178671e-05
9.461451e-06,9.508249e-06
9.485012e-06,9.463099e-06
9.478728e-06,1.0220079e-05
9.46235e-06,9.806689e-06
9.438626e-06,1.0534886e-05
9.441345e-06,2.0987225e-05
9.437274e-06,9.781152e-06
9.425685e-06,9.210508e-06
9.457828e-06,1.0209156e-05
9.407891e-06,9.29599e-06
9.432768e-06,1.009784e-05
9.386571e-06,9.1754955e-06
9.426482e-06,9.38758e-06
9.385882e-06,9.168454e-06
9.373983e-06,9.30343e-06
9.413739e-06,9.790245e-06
9.388497e-06,9.5431205e-06
9.326042e-06,1.0111178e-05
9.370517e-06,1.0029879e-05
9.359159e-06,1.0135972e-05
9.301789e-06,9.328328e-06
9.365863e-06,9.258646e-06
9.2877135e-06,1.0069131e-05
9.315937e-06,9.320954e-06
9.315864e-06,9.228751e-06
9.288415e-06,9.74906e-06
9.259812e-06,9.454324e-06
9.348506e-06,9.6396e-06
9.309844e-06,1.1553725e-05
9.263977e-06,9.255239e-06
9.278162e-06,9.307694e-06
9.196523e-06,9.510742e-06
9.220333e-06,9.114375e-06
9.2704095e-06,9.11951e-06
9.232621e-06,9.235802e-06
9.22342e-06,9.129718e-06
9.199029e-06,9.409036e-06
9.213535e-06,9.289932e-06
9.211844e-06,9.947753e-06
9.19626e-06,9.6161975e-06
9.193685e-06,9.070174e-06
9.157588e-06,9.626427e-06
9.209806e-06,9.673286e-06
9.192279e-06,9.011171e-06
9.156154e-06,9.137892e-06
9.159158e-06,9.704218e-06
9.143782e-06,9.640317e-06
9.111064e-06,1.1354652e-05
9.126904e-06,9.906843e-06
9.148221e-06,9.328771e-06
9.145364e-06,9.722747e-06
9.135644e-06,9.325654e-06
9.09897e-06,8.885035e-06
9.105365e-06,9.466964e-06
9.113001e-06,9.373662e-06
9.133945e-06,9.1081765e-06
9.088447e-06,9.441785e-06
9.031596e-06,9.025939e-06
9.115567e-06,9.293889e-06
9.047559e-06,1.0699126e-05
9.047667e-06,9.364009e-06
9.059523e-06,8.942707e-06
9.024923e-06,9.437848e-06
9.042623e-06,1.007265e-05
9.037196e-06,9.097301e-06
9.020286e-06,9.245309e-06
9.009831e-06,8.938646e-06
9.0130925e-06,8.972692e-06
9.000487e-06,1.0027021e-05
9.01942e-06,9.407948e-06
8.964521e-06,1.1393523e-05
8.99559e-06,9.342524e-06
9.016654e-06,9.896249e-06
8.973138e-06,9.118878e-06
8.943028e-06,9.4050965e-06
8.961654e-06,9.113886e-06
8.977934e-06,9.123496e-06
8.927846e-06,9.144233e-06
8.923039e-06,9.362333e-06
8.927005e-06,9.06634e-06
8.990364e-06,9.333468e-06
8.935487e-06,9.986253e-06
8.917919e-06,9.188681e-06
8.922006e-06,9.263396e-06
8.916181e-06,8.877865e-06
8.911637e-06,8.966485e-06
8.973313e-06,9.529347e-06
8.84993e-06,9.070815e-06
8.910046e-06,9.448844e-06
8.918435e-06,9.316794e-06
8.854813e-06,9.902071e-06
8.879413e-06,9.60891e-06
8.844638e-06,9.06804e-06
8.873609e-06,1.09673865e-05
8.859115e-06,8.902174e-06
8.809673e-06,8.702639e-06
8.859933e-06,9.761178e-06
8.771816e-06,9.226802e-06
8.805129e-06,8.899283e-06
8.830138e-06,9.0108215e-06
8.7766575e-06,8.760541e-06
8.803406e-06,8.632377e-06
8.790906e-06,9.052207e-06
8.779767e-06,9.058166e-06
8.757087e-06,8.869048e-06
8.707025e-06,8.664411e-06
8.783619e-06,9.214138e-06
8.813941e-06,9.263598e-06
8.715725e-06,8.589526e-06
8.73274e-06,1.0064835e-05
8.778387e-06,8.78848e-06
8.7244225e-06,1.03206885e-05
8.746419e-06,1.0239074e-05
8.730581e-06,9.6145795e-06
8.711808e-06,8.759773e-06
8.668269e-06,8.738785e-06
8.703105e-06,8.626423e-06
8.695466e-06,8.890414e-06
8.685435e-06,1.02792865e-05
8.666498e-06,9.021972e-06
8.696468e-06,1.0770089e-05
8.652272e-06,8.769615e-06
8.699357e-06,8.90426e-06
8.618808e-06,8.965076e-06
8.663219e-06,9.607071e-06
8.653572e-06,8.829209e-06
8.646131e-06,8.765455e-06
8.632606e-06,8.824104e-06
8.652414e-06,9.27304e-06
8.61232e-06,8.57176e-06
8.601203e-06,9.01566e-06
8.6512255e-06,8.490909e-06
8.54492e-06,8.530154e-06
8.614507e-06,8.74908e-06
8.639489e-06,8.91913e-06
8.590241e-06,8.803613e-06
8.54753e-06,9.240433e-06
8.578197e-06,8.566102e-06
8.562041e-06,8.713593e-06
8.57559e-06,9.131964e-06
8.548346e-06,8.778709e-06
8.552571e-06,8.651783e-06
8.579523e-06,8.974721e-06
8.539125e-06,9.028016e-06
8.49504e-06,9.039579e-06
8.527223e-06,8.685199e-06
8.519275e-06,8.389618e-06
8.513324e-06,8.661775e-06
8.4867825e-06,8.5049915e-06
8.50406e-06,8.544214e-06
8.513299e-06,8.613457e-06
8.4954245e-06,1.0824006e-05
8.489041e-06,8.7661e-06
8.421158e-06,8.4774265e-06
8.471985e-06,8.395781e-06
8.449933e-06,8.446817e-06
8.451185e-06,8.849627e-06
8.471822e-06,8.840507e-06
8.455017e-06,8.997453e-06
8.449419e-06,8.563228e-06
8.421263e-06,8.813562e-06
8.455325e-06,9.075815e-06
8.383043e-06,8.434633e-06
8.432783e-06,8.549152e-06
8.405459e-06,9.062788e-06
8.401222e-06,8.247959e-06
8.368735e-06,8.60484e-06
8.398545e-06,9.93245e-06
8.389374e-06,8.646616e-06
8.373138e-06,8.562607e-06
8.3912855e-06,8.427911e-06
8.397005e-06,8.627559e-06
8.349096e-06,8.156251e-06
8.364304e-06,8.687579e-06
8.363736e-06,8.3080395e-06
8.362528e-06,9.669122e-06
8.330443e-06,8.565587e-06
8.328317e-06,8.687523e-06
8.342876e-06,9.330342e-06
8.371543e-06,8.517963e-06
8.321252e-06,8.408767e-06
8.31572e-06,8.587971e-06
8.31562e-06,8.678245e-06
8.308625e-06,8.14952e-06
8.297614e-06,9.399043e-06
8.281163e-06,8.201965e-06
8.319431e-06,8.523016e-06
8.316734e-06,8.387026e-06
8.303367e-06,8.401584e-06
8.252985e-06,8.591606e-06
8.237903e-06,8.740215e-06
8.2914485e-06,8.244737e-06
8.280382e-06,8.561956e-06
8.256714e-06,9.308766e-06
8.265701e-06,8.321396e-06
8.222198e-06,9.150426e-06
8.256749e-06,8.620888e-06
8.256201e-06,8.390813e-06
8.223437e-06,9.336907e-06
8.229196e-06,8.110743e-06
8.22456e-06,9.111371e-06
8.246154e-06,8.216961e-06
8.217409e-06,9.248901e-06
8.158703e-06,8.074066e-06
8.211309e-06,9.64447e-06
8.186664e-06,8.338149e-06
8.180625e-06,9.108497e-06
8.183657e-06,8.347056e-06
8.179033e-06,8.094299e-06
8.196115e-06,8.322637e-06
8.200805e-06,8.350233e-06
8.138561e-06,1.0067237e-05
8.149389e-06,8.04125e-06
8.166485e-06,8.7395665e-06
8.140425e-06,8.146372e-06
8.1643675e-06,8.66869e-06
8.125075e-06,8.096888e-06
8.148537e-06,8.54479e-06
8.106982e-06,8.646671e-06
8.074167e-06,8.516362e-06
8.129464e-06,8.314277e-06
8.0609025e-06,8.437617e-06
8.140198e-06,8.004335e-06
8.071706e-06,9.002258e-06
8.1174485e-06,8.176624e-06
8.074407e-06,8.563767e-06
8.090352e-06,8.04507e-06
8.091592e-06,8.450032e-06
8.042274e-06,8.452319e-06
8.065756e-06,8.271276e-06
8.063382e-06,7.876964e-06
8.044783e-06,8.079207e-06
8.032338e-06,8.07203e-06
8.075538e-06,8.885075e-06
8.018302e-06,8.388833e-06
8.023874e-06,8.189227e-06
8.0278205e-06,8.383125e-06
8.021868e-06,7.874775e-06
8.049852e-06,7.923666e-06
8.006208e-06,8.20283e-06
8.053627e-06,8.468646e-06
7.999065e-06,8.43248e-06
7.98094e-06,7.992686e-06
8.0263835e-06,8.769934e-06
7.998387e-06,8.688275e-06
8.028107e-06,8.3403065e-06
7.972152e-06,9.066355e-06
7.99958e-06,7.880245e-06
7.958447e-06,8.075074e-06
7.98746e-06,8.063301e-06
7.944543e-06,8.040953e-06
7.940439e-06,8.308084e-06
7.976722e-06,8.074242e-06
7.914032e-06,8.13693e-06
7.909962e-06,8.302213e-06
7.933799e-06,8.08773e-06
7.938489e-06,8.141576e-06
7.928022e-06,9.365839e-06
7.911123e-06,9.578735e-06
7.930977e-06,8.605154e-06
7.884248e-06,8.253955e-06
7.909031e-06,7.895476e-06
7.907341e-06,8.229451e-06
7.924002e-06,7.978044e-06
7.899357e-06,8.281941e-06
7.915971e-06,7.867974e-06
7.864725e-06,8.359256e-06
7.859552e-06,7.811814e-06
7.894058e-06,7.73127e-06
7.881549e-06,7.7568975e-06
7.839897e-06,7.868466e-06
7.852123e-06,8.420015e-06
7.846406e-06,8.450826e-06
7.820891e-06,8.780149e-06
7.84434e-06,7.94428e-06
7.832469e-06,8.102239e-06
7.8339735e-06,8.092031e-06
7.803905e-06,8.783208e-06
7.822641e-06,8.556241e-06
7.793844e-06,7.780079e-06
7.791058e-06,8.539849e-06
7.83599e-06,7.770853e-06
7.787759e-06,8.201577e-06
7.768615e-06,7.710766e-06
7.779965e-06,7.800513e-06
7.770018e-06,7.699486e-06
7.746038e-06,8.041435e-06
7.809441e-06,8.784555e-06
7.754296e-06,7.872877e-06
7.773623e-06,8.950858e-06
7.744157e-06,7.791543e-06
7.800831e-06,7.6197484e-06
7.688265e-06,7.896114e-06
7.760103e-06,7.782045e-06
7.745327e-06,7.8037465e-06
7.735233e-06,7.84197e-06
7.70772e-06,8.381448e-06
7.696616e-06,8.45771e-06
7.7415825e-06,7.7895265e-06
7.725922e-06,7.980291e-06
7.736409e-06,9.003201e-06
7.691947e-06,7.769692e-06
7.732913e-06,7.929687e-06
7.700531e-06,7.969683e-06
7.6954375e-06,8.257062e-06
7.682854e-06,7.723726e-06
7.699162e-06,7.862827e-06
7.695691e-06,8.165861e-06
7.652308e-06,7.708187e-06
7.688794e-06,8.121952e-06
7.653119e-06,8.749158e-06
7.652509e-06,7.654936e-06
7.668315e-06,7.747087e-06
7.6729675e-06,8.05922e-06
7.671341e-06,7.930476e-06
7.65688e-06,8.401016e-06
7.653369e-06,7.708767e-06
7.629875e-06,7.6078486e-06
7.6214333e-06,7.6287074e-06
7.6112565e-06,7.693083e-06
7.628377e-06,8.6252785e-06
7.646414e-06,8.403094e-06
7.6237216e-06,7.632109e-06
7.5982475e-06,7.810953e-06
7.613025e-06,7.76768e-06
7.610345e-06,8.511483e-06
7.585743e-06,8.973038e-06
7.5707126e-06,7.654662e-06
7.5746584e-06,8.7159615e-06
7.572311e-06,9.226332e-06
7.5657294e-06,7.7917175e-06
7.596928e-06,7.643737e-06
7.5727826e-06,8.260111e-06
7.5457824e-06,7.850069e-06
7.570923e-06,7.5613716e-06
7.5489575e-06,7.76119e-06
7.535368e-06,7.681246e-06
7.579509e-06,7.706351e-06
7.5258918e-06,7.905204e-06
7.549052e-06,8.943857e-06
7.53018e-06,7.6084193e-06
7.5187068e-06,8.716056e-06
7.553223e-06,7.71305e-06
7.503519e-06,7.5458393e-06
7.5184666e-06,7.573361e-06
7.5225826e-06,7.634084e-06
7.521498e-06,7.377246e-06
7.5353933e-06,8.038406e-06
7.49581e-06,7.5943544e-06
7.5130097e-06,7.78622e-06
7.4991012e-06,7.4814534e-06
7.462307e-06,7.488089e-06
7.490431e-06,8.022112e-06
7.4853638e-06,7.5209564e-06
7.4754566e-06,7.4306427e-06
7.4736413e-06,7.757538e-06
7.4915233e-06,8.146179e-06
7.4751565e-06,7.4687264e-06
7.445858e-06,7.848443e-06
7.467379e-06,7.861408e-06
7.459517e-06,7.4977484e-06
7.456304e-06,7.5085422e-06
7.4212926e-06,7.3774977e-06
7.464235e-06,7.5714947e-06
7.4098593e-06,7.5614366e-06
7.4321465e-06,7.281684e-06
7.4337195e-06,7.4753257e-06
7.4414015e-06,8.593654e-06
7.424372e-06,7.631924e-06
7.430308e-06,7.501025e-06
7.429614e-06,7.4572195e-06
7.4221957e-06,7.863578e-06
7.418587e-06,7.3047063e-06
7.3849505e-06,7.655553e-06
7.3884808e-06,7.923552e-06
7.4260192e-06,8.073004e-06
7.3689084e-06,7.2732046e-06
7.4016225e-06,7.651904e-06
7.3851124e-06,7.5308008e-06
7.37992e-06,7.5013536e-06
7.3586625e-06,7.3391006e-06
7.3496367e-06,7.312599e-06
7.379075e-06,7.631922e-06
7.379875e-06,7.738216e-06
7.3474876e-06,7.4201116e-06
7.3605643e-06,8.2856095e-06
7.368995e-06,7.638246e-06
7.359313e-06,7.2880543e-06
7.2955927e-06,7.5804564e-06
7.3186193e-06,8.015732e-06
7.3506826e-06,8.610194e-06
7.3226165e-06,8.559466e-06
7.321302e-06,7.658697e-06
7.362014e-06,7.654039e-06
7.2892594e-06,7.440908e-06
7.3185206e-06,7.899921e-06
7.304035e-06,7.4837685e-06
7.3108577e-06,8.148424e-06
7.303868e-06,8.031888e-06
7.324499e-06,8.281443e-06
7.284138e-06,7.984119e-06
7.297872e-06,7.4184786e-06
7.285015e-06,7.9025185e-06
7.292942e-06,7.304233e-06
7.2615303e-06,7.974263e-06
7.2966e-06,7.666711e-06
7.273791e-06,7.4670734e-06
7.291345e-06,7.2986654e-06
7.2683656e-06,7.413794e-06
7.257338e-06,7.2533444e-06
7.2750995e-06,7.241754e-06
7.2586618e-06,8.568477e-06
7.247719e-06,7.513651e-06
7.2713838e-06,7.4408044e-06
7.256547e-06,7.492451e-06
7.2367e-06,7.4959644e-06
7.242409e-06,7.1700415e-06
7.2391786e-06,7.682284e-06
7.219429e-06,7.569764e-06
7.2264097e-06,7.117876e-06
7.236829e-06,7.35411e-06
7.1895843e-06,7.2171256e-06
7.2352173e-06,7.730241e-06
7.196792e-06,7.183978e-06
7.2204616e-06,7.1768354e-06
7.2280677e-06,7.0975543e-06
7.2005596e-06,7.740482e-06
7.220001e-06,7.492398e-06
7.1812374e-06,7.274234e-06
7.196879e-06,8.058038e-06
7.1719573e-06,7.849033e-06
7.1793397e-06,7.631015e-06
7.19492e-06,7.209943e-06
7.1885675e-06,7.655076e-06
7.171978e-06,7.2988314e-06
7.1792833e-06,7.4853224e-06
7.1992717e-06,7.1303334e-06
7.149897e-06,7.764095e-06
7.134003e-06,7.301229e-06
7.1859317e-06,7.423168e-06
7.1067584e-06,7.190914e-06
7.137396e-06,7.461989e-06
7.1667996e-06,7.122706e-06
7.1352356e-06,8.281103e-06
7.1351546e-06,7.1525874e-06
7.130719e-06,7.592226e-06
7.0962005e-06,7.119698e-06
7.125824e-06,7.2710905e-06
7.153329e-06,7.1449253e-06
7.1208387e-06,7.269235e-06
7.132763e-06,7.553683e-06
7.1129944e-06,7.405375e-06
7.1187496e-06,7.181642e-06
7.0906553e-06,7.233801e-06
7.1150007e-06,7.4100562e-06
7.0964547e-06,7.105086e-06
7.091388e-06,7.5710423e-06
7.1194086e-06,7.921533e-06
7.076523e-06,7.766125e-06
7.079074e-06,7.1300997e-06
7.06204e-06,7.1066656e-06
7.064457e-06,7.0935735e-06
7.0797514e-06,7.108106e-06
7.079246e-06,7.019139e-06
7.0352826e-06,7.1609165e-06
7.0675346e-06,7.082323e-06
7.066566e-06,7.0977844e-06
7.02612e-06,7.080977e-06
7.0375654e-06,8.194835e-06
7.0484602e-06,7.647787e-06
7.0262945e-06,7.492848e-06
7.0461524e-06,7.2615276e-06
7.0372257e-06,7.4093873e-06
7.035533e-06,7.1482486e-06
7.052837e-06,7.1027043e-06
7.0144456e-06,6.9812004e-06
7.0142814e-06,7.757038e-06
7.020541e-06,7.1885315e-06
7.015975e-06,7.0226315e-06
7.0079846e-06,7.696011e-06
7.012573e-06,7.138876e-06
7.030787e-06,7.208699e-06
7.007588e-06,7.0950928e-06
6.991859e-06,7.132253e-06
6.9786315e-06,7.665508e-06
6.9908883e-06,7.1297627e-06
6.9621337e-06,7.140684e-06
6.9876637e-06,7.0401065e-06
6.978304e-06,7.1210775e-06
6.9709267e-06,6.928449e-06
6.964249e-06,7.4046234e-06
6.9464622e-06,7.5664448e-06
6.9870275e-06,7.2304956e-06
6.9718e-06,7.448442e-06
6.9306657e-06,7.72282e-06
6.9474686e-06,7.265103e-06
6.9800244e-06,7.130654e-06
6.9300236e-06,7.1783948e-06
6.933146e-06,7.509634e-06
6.9645707e-06,7.4336995e-06
6.914775e-06,7.1005984e-06
6.9484076e-06,8.140897e-06
6.9283074e-06,7.2079592e-06
6.9261937e-06,7.204652e-06
6.90519e-06,6.870702e-06
6.9293537e-06,6.9841785e-06
6.9149673e-06,7.514105e-06
6.912171e-06,6.9116213e-06
6.927776e-06,7.013919e-06
6.8941304e-06,7.0878123e-06
6.8903164e-06,6.897089e-06
6.9005487e-06,7.3592196e-06
6.8999316e-06,6.936446e-06
6.8647932e-06,8.63106e-06
6.903984e-06,6.959273e-06
6.902944e-06,7.260411e-06
6.8840873e-06,7.2374587e-06
6.8779154e-06,6.8592635e-06
6.865079e-06,6.8575e-06
6.875578e-06,7.3036854e-06
6.85011e-06,7.763177e-06
6.8629333e-06,7.970277e-06
6.858282e-06,6.871759e-06
6.8802515e-06,6.9294347e-06
6.8288537e-06,7.022675e-06
6.8549857e-06,7.93508e-06
6.817573e-06,7.0106903e-06
6.854798e-06,7.1011204e-06
6.84643e-06,7.4979725e-06
6.8320915e-06,7.4778973e-06
6.8151808e-06,7.1364434e-06
6.853846e-06,7.4095624e-06
6.831895e-06,7.616651e-06
6.8277545e-06,6.7724136e-06
6.841542e-06,7.6122424e-06
6.8345907e-06,7.447406e-06
6.801318e-06,7.0991714e-06
6.777604e-06,7.042671e-06
6.8286963e-06,7.167782e-06
6.8022932e-06,7.2833845e-06
6.7932283e-06,6.8026616e-06
6.791461e-06,7.127453e-06
6.796213e-06,7.177577e-06
6.79561e-06,6.8372647e-06
6.7791534e-06,6.984441e-06
6.819037e-06,6.7883834e-06
6.7946107e-06,6.786884e-06
6.7539136e-06,6.8588097e-06
6.796891e-06,7.383053e-06
6.774927e-06,7.046543e-06
6.7447145e-06,7.637383e-06
6.770616e-06,7.780646e-06
6.756792e-06,6.835121e-06
6.760528e-06,7.1891072e-06
6.7474134e-06,7.086505e-06
6.7651526e-06,6.8860563e-06
6.747958e-06,7.189428e-06
6.7288634e-06,6.7059036e-06
6.748078e-06,6.8327095e-06
6.7329274e-06,7.612414e-06
6.753676e-06,7.2736725e-06
6.714772e-06,7.585281e-06
6.72942e-06,6.9447697e-06
6.709035e-06,6.9066396e-06
6.734817e-06,7.106537e-06
6.7260635e-06,7.2581647e-06
6.721676e-06,7.399417e-06
6.7201536e-06,7.155087e-06
6.6888038e-06,6.829935e-06
6.7070264e-06,7.192569e-06
6.7209207e-06,7.144808e-06
6.713208e-06,6.879638e-06
6.692379e-06,6.8007466e-06
6.706815e-06,7.081925e-06
6.7146693e-06,7.12544e-06
6.6574157e-06,7.0667434e-06
6.6922044e-06,7.1142e-06
6.7091996e-06,7.6108913e-06
6.6767807e-06,7.824621e-06
6.687032e-06,6.7462156e-06
6.6431166e-06,6.8036557e-06
6.6856096e-06,7.2637918e-06
6.657189e-06,6.6025805e-06
6.6507896e-06,6.8783093e-06
6.6407815e-06,7.20529e-06
6.654672e-06,7.2112966e-06
6.6402185e-06,6.8961917e-06
6.6534903e-06,8.10365e-06
6.6701405e-06,7.680187e-06
6.6506095e-06,7.027895e-06
6.623926e-06,6.9656367e-06
6.6405364e-06,6.815363e-06
6.6468683e-06,7.0647816e-06
6.637569e-06,6.7188207e-06
6.598382e-06,6.83477e-06
6.6426796e-06,6.7921815e-06
6.600811e-06,6.9497364e-06
6.6370744e-06,7.209805e-06
6.6197545e-06,6.6094162e-06
6.59623e-06,6.6678735e-06
6.6245084e-06,6.675157e-06
6.6254006e-06,6.7089263e-06
6.6023754e-06,6.863604e-06
6.6000975e-06,6.858267e-06
6.6017715e-06,6.7593082e-06
6.594068e-06,6.9752346e-06
6.59285e-06,6.963589e-06
6.5761174e-06,6.567361e-06
6.5806535e-06,6.7285278e-06
6.6134453e-06,6.7536043e-06
6.5934487e-06,6.685923e-06
6.5848285e-06,6.7761216e-06
6.5743407e-06,9.103734e-06
6.5762247e-06,6.9445396e-06
6.545542e-06,6.6101566e-06
6.562801e-06,6.6753796e-06
6.5752906e-06,7.009586e-06
6.5242207e-06,6.8363515e-06
6.5794216e-06,7.611408e-06
6.5471545e-06,6.5352883e-06
6.5382605e-06,6.7026826e-06
6.5412746e-06,7.206679e-06
6.581698e-06,8.655813e-06
6.556304e-06,7.3070287e-06
6.5383592e-06,7.6682445e-06
6.5524832e-06,7.544113e-06
6.5384556e-06,6.546533e-06
6.500549e-06,6.6048897e-06
6.5112563e-06,6.657339e-06
6.551513e-06,6.800444e-06
6.4969436e-06,6.9460143e-06
6.521937e-06,6.6443936e-06
6.5164336e-06,6.7604774e-06
6.4930455e-06,6.733673e-06
6.510025e-06,7.009242e-06
6.513723e-06,6.688682e-06
6.523848e-06,6.673698e-06
6.4847886e-06,6.820363e-06
6.503714e-06,7.191284e-06
6.488756e-06,6.9874923e-06
6.4928126e-06,6.8865925e-06
6.483227e-06,6.595751e-06
6.4953365e-06,6.8984646e-06
6.4931896e-06,6.7750702e-06
6.4728506e-06,7.5472203e-06
6.479278e-06,6.5444756e-06
6.4638953e-06,6.874389e-06
6.4654937e-06,6.5589206e-06
6.4590945e-06,6.5655995e-06
6.4672076e-06,7.1099807e-06
6.491697e-06,6.6848106e-06
6.459967e-06,7.05654e-06
6.4602455e-06,7.070754e-06
6.4522856e-06,6.438486e-06
6.4359488e-06,7.7183695e-06
6.45031e-06,6.6984016e-06
6.4409046e-06,6.6768184e-06
6.439649e-06,6.572718e-06
6.441498e-06,6.672638e-06
6.4234405e-06,6.84589e-06
6.428506e-06,6.517694e-06
6.445743e-06,7.1126456e-06
6.4303335e-06,6.587206e-06
6.412567e-06,6.4692304e-06
6.4227092e-06,6.6393027e-06
6.4281885e-06,6.6593275e-06
6.4161864e-06,6.4562983e-06
6.3987245e-06,6.4778887e-06
6.3806233e-06,6.499994e-06
6.414748e-06,6.6606626e-06
6.401941e-06,6.565305e-06
6.4040737e-06,6.871199e-06
6.380683e-06,6.721518e-06
6.3834573e-06,6.475846e-06
6.3909624e-06,6.7927613e-06
6.3899447e-06,6.392781e-06
6.390118e-06,6.580199e-06
6.3679754e-06,7.1683353e-06
6.36166e-06,6.789415e-06
6.3801194e-06,6.975281e-06
6.351809e-06,6.816934e-06
6.3402526e-06,6.5299737e-06
6.3790894e-06,6.6489774e-06
6.3597263e-06,6.474047e-06
6.361178e-06,6.5973527e-06
6.360975e-06,6.3860157e-06
6.3350244e-06,6.5673876e-06
6.3481416e-06,7.062783e-06
6.380454e-06,7.348474e-06
6.3172006e-06,6.7757032e-06
6.338217e-06,6.662865e-06
6.3398297e-06,6.8371937e-06
6.3428206e-06,6.664472e-06
6.338108e-06,6.994616e-06
6.347477e-06,6.7916235e-06
6.3227535e-06,6.6419893e-06
6.3162483e-06,6.993932e-06
6.3186035e-06,6.6486996e-06
6.314323e-06,6.8644495e-06
6.329062e-06,7.3424344e-06
6.291848e-06,6.6032158e-06
6.309385e-06,7.0148585e-06
6.3278826e-06,6.41893e-06
6.3049433e-06,6.3151733e-06
6.2786116e-06,6.968504e-06
6.283171e-06,6.6814405e-06
6.2875956e-06,6.555847e-06
6.303581e-06,6.4215988e-06
6.3035504e-06,6.3554653e-06
6.290173e-06,6.5355894e-06
6.3023163e-06,6.4790893e-06
6.2812755e-06,6.4992546e-06
6.2819904e-06,6.6685498e-06
6.285155e-06,6.5631843e-06
6.2596578e-06,6.5111553e-06
6.267376e-06,6.3918833e-06
6.2735726e-06,6.46188e-06
6.2515937e-06,6.2320423e-06
6.280284e-06,6.369606e-06
6.2629692e-06,6.473694e-06
6.239978e-06,6.3229695e-06
6.2698255e-06,6.8332474e-06
6.2686677e-06,6.422413e-06
6.2360978e-06,6.420964e-06
6.2482172e-06,6.7107103e-06
6.2391214e-06,6.4073156e-06
6.249131e-06,7.159699e-06
6.227429e-06,6.2609356e-06
6.244815e-06,6.327161e-06
6.2182917e-06,6.4942988e-06
6.228987e-06,7.041534e-06
6.2193935e-06,6.729173e-06
6.2244826e-06,6.309098e-06
6.2093204e-06,6.5579634e-06
6.2328045e-06,6.369807e-06
6.2045524e-06,6.476793e-06
6.197945e-06,6.3790317e-06
6.210627e-06,6.5432705e-06
6.208775e-06,6.6427183e-06
6.204147e-06,6.1744754e-06
6.186627e-06,6.50598e-06
6.210879e-06,6.5824424e-06
6.1918736e-06,6.4679152e-06
6.155827e-06,6.464032e-06
6.1688634e-06,6.326798e-06
6.1671126e-06,6.86976e-06
6.1698165e-06,6.2648787e-06
6.183499e-06,6.9709063e-06
6.1888154e-06,6.682857e-06
6.1760384e-06,6.400313e-06
6.17095e-06,6.702484e-06
6.1658075e-06,6.590573e-06
6.1514907e-06,7.313418e-06
6.1662736e-06,6.667708e-06
6.144979e-06,7.4028126e-06
6.173324e-06,6.42717e-06
6.1361366e-06,6.9587827e-06
6.1527517e-06,6.484534e-06
6.144819e-06,6.293823e-06
6.162843e-06,6.7670194e-06
6.1152023e-06,7.036187e-06
6.1396486e-06,6.665263e-06
6.135477e-06,6.3799516e-06
6.111091e-06,6.2679565e-06
6.1057995e-06,7.4351033e-06
6.1351197e-06,6.293574e-06
6.138478e-06,6.505011e-06
6.098037e-06,6.273215e-06
6.1248315e-06,6.323591e-06
6.1176943e-06,6.7586466e-06
6.0919015e-06,6.4878805e-06
6.0982397e-06,6.4660626e-06
6.103457e-06,6.6347916e-06
6.1308865e-06,6.1335877e-06
6.0647326e-06,6.4084297e-06
6.0945117e-06,6.3602865e-06
6.085633e-06,6.450735e-06
6.090003e-06,6.0954817e-06
6.1040696e-06,6.0675507e-06
6.107793e-06,6.416995e-06
6.06277e-06,6.2774902e-06
6.067869e-06,6.2279237e-06
6.0667226e-06,6.3031325e-06
6.0627995e-06,6.6727916e-06
6.0566717e-06,6.2345734e-06
6.0677926e-06,6.4622404e-06
6.054192e-06,6.4322558e-06
6.0511584e-06,6.853596e-06
6.084903e-06,6.394847e-06
6.0741895e-06,6.319287e-06
6.0537427e-06,6.563588e-06
6.039625e-06,6.0300836e-06
6.037139e-06,7.95391e-06
6.0394914e-06,6.2622207e-06
6.038014e-06,6.417867e-06
6.0461684e-06,7.0127235e-06
6.038925e-06,6.4697656e-06
6.055354e-06,6.0990787e-06
6.0211582e-06,6.398189e-06
6.0336056e-06,6.2527283e-06
6.0047437e-06,6.3332564e-06
6.0220195e-06,6.40972e-06
6.0256525e-06,6.5903723e-06
6.014295e-06,6.4132564e-06
5.9969834e-06,6.4847836e-06
6.0010548e-06,6.534588e-06
5.99425e-06,6.104614e-06
6.005094e-06,6.267733e-06
5.994603e-06,6.0415246e-06
6.00497e-06,6.581897e-06
5.968955e-06,7.229366e-06
6.013178e-06,6.4009696e-06
5.9849754e-06,6.1094147e-06
5.994142e-06,6.0767643e-06
5.9819695e-06,6.288736e-06
5.9772074e-06,6.1749015e-06
5.9627705e-06,6.1207834e-06
5.966444e-06,6.026359e-06
5.972978e-06,8.225108e-06
5.9830354e-06,6.1599876e-06
5.964654e-06,6.2823224e-06
5.94234e-06,6.2305e-06
5.9532804e-06,7.339072e-06
5.961785e-06,6.052903e-06
5.9526806e-06,6.131721e-06
5.9493573e-06,7.3197266e-06
5.956221e-06,6.365524e-06
5.957977e-06,6.7112524e-06
5.9245112e-06,6.4531177e-06
5.9311687e-06,6.213657e-06
5.914392e-06,6.134623e-06
5.9312097e-06,6.2922018e-06
5.9159092e-06,6.2792933e-06
5.921285e-06,6.540809e-06
5.9246463e-06,6.1397195e-06
5.90908e-06,6.108699e-06
5.9127083e-06,6.2951303e-06
5.9157974e-06,6.251442e-06
5.899027e-06,6.2779477e-06
5.899451e-06,6.403061e-06
5.921622e-06,6.2688537e-06
5.917462e-06,6.041579e-06
5.8960036e-06,6.0274456e-06
5.880023e-06,6.002458e-06
5.888899e-06,5.905969e-06
5.897307e-06,6.1557585e-06
5.8666933e-06,6.3588413e-06
5.892187e-06,5.9924487e-06
5.8746973e-06,7.0042597e-06
5.86591e-06,6.9075545e-06
5.886211e-06,6.1024866e-06
5.880811e-06,6.1299047e-06
5.887529e-06,5.918976e-06
5.8489945e-06,6.1408828e-06
5.8583173e-06,5.9555955e-06
5.847383e-06,6.0750776e-06
5.8595565e-06,6.0450525e-06
5.852504e-06,6.91185e-06
5.825426e-06,5.94473e-06
5.856304e-06,5.999088e-06
5.8366995e-06,6.088828e-06
5.8399937e-06,5.915341e-06
5.8560113e-06,5.9683866e-06
5.82879e-06,6.246573e-06
5.8360406e-06,6.081278e-06
5.82602e-06,6.5026456e-06
5.807804e-06,6.2671174e-06
5.822488e-06,5.9865333e-06
5.827865e-06,6.2374634e-06
5.8188643e-06,5.919227e-06
5.8389433e-06,6.0782463e-06
5.8175024e-06,6.0569046e-06
5.7916227e-06,6.224038e-06
5.7823286e-06,5.875475e-06
5.8009164e-06,6.0192547e-06
5.7972634e-06,6.0332213e-06
5.796956e-06,6.016905e-06
5.815489e-06,6.0412112e-06
5.7891034e-06,6.3400635e-06
5.7887505e-06,6.1168093e-06
5.7788625e-06,6.111446e-06
5.7725106e-06,6.102463e-06
5.7863062e-06,6.1326614e-06
5.800527e-06,5.8151254e-06
5.768897e-06,5.8878322e-06
5.76635e-06,5.908087e-06
5.755837e-06,6.227363e-06
5.7494594e-06,5.836102e-06
5.7595944e-06,6.112566e-06
5.764786e-06,6.1844403e-06
5.753154e-06,5.845407e-06
5.747933e-06,6.2331164e-06
5.742574e-06,5.9987374e-06
5.753622e-06,5.8865135e-06
5.7557995e-06,5.987762e-06
5.7504e-06,5.872256e-06
5.737719e-06,6.1538917e-06
5.7390484e-06,5.9752297e-06
5.748965e-06,6.5849613e-06
5.7197826e-06,5.9001795e-06
5.714006e-06,5.9894523e-06
5.732549e-06,5.968771e-06
5.723649e-06,5.974088e-06
5.7112875e-06,5.895999e-06
5.725183e-06,6.0023967e-06
5.7206225e-06,6.1311835e-06
5.6990934e-06,5.90338e-06
5.6960357e-06,6.6755892e-06
5.704847e-06,6.131382e-06
5.6949575e-06,6.022663e-06
5.697215e-06,5.9636623e-06
5.7113793e-06,6.274159e-06
5.684881e-06,5.765264e-06
5.6788167e-06,5.8777487e-06
5.6898393e-06,5.6704102e-06
5.6890804e-06,6.251179e-06
5.6544e-06,5.957266e-06
5.6712947e-06,6.476214e-06
5.671247e-06,5.721155e-06
5.67676e-06,5.9000695e-06
5.6577437e-06,5.699785e-06
5.6621093e-06,6.065522e-06
5.647502e-06,6.07473e-06
5.6803765e-06,5.975369e-06
5.6561057e-06,5.9153354e-06
5.6520516e-06,6.1889427e-06
5.6577933e-06,6.0393318e-06
5.662888e-06,5.800014e-06
5.6638355e-06,6.1663304e-06
5.6412327e-06,6.3463885e-06
5.62819e-06,5.720697e-06
5.648612e-06,5.8564447e-06
5.63728e-06,5.74824e-06
5.629756e-06,5.7615284e-06
5.629483e-06,5.6713043e-06
5.614529e-06,5.723707e-06
5.621648e-06,5.779688e-06
5.634786e-06,5.772439e-06
5.6090657e-06,6.0442862e-06
5.625654e-06,5.809531e-06
5.6151334e-06,6.2995555e-06
5.6033723e-06,5.824999e-06
5.615523e-06,5.7181264e-06
5.5945147e-06,6.097113e-06
5.6194017e-06,5.854565e-06
5.6074423e-06,6.1587307e-06
5.6061945e-06,6.141443e-06
5.6016383e-06,5.7707207e-06
5.5938635e-06,5.915167e-06
5.57769e-06,5.7167936e-06
5.5744704e-06,5.7986585e-06
5.591118e-06,5.7725515e-06
5.578571e-06,5.934456e-06
5.556065e-06,6.059619e-06
5.5737883e-06,5.7767643e-06
5.5846813e-06,5.953691e-06
5.5738e-06,6.3766033e-06
5.5707596e-06,6.064266e-06
5.549583e-06,5.6529266e-06
5.5549394e-06,5.7496472e-06
5.556923e-06,6.0903008e-06
5.543309e-06,5.5558435e-06
5.549611e-06,6.523917e-06
5.539016e-06,5.702119e-06
5.5502173e-06,5.77571e-06
5.5548567e-06,5.6413683e-06
5.535635e-06,5.7752777e-06
5.536654e-06,5.9128183e-06
5.522312e-06,5.888437e-06
5.5247883e-06,5.8452256e-06
5.507948e-06,5.835521e-06
5.513212e-06,6.1638325e-06
5.5378086e-06,6.026127e-06
5.5322353e-06,5.7440593e-06
5.5283394e-06,5.522075e-06
5.49675e-06,5.8258656e-06
5.5042406e-06,5.614067e-06
5.509392e-06,5.8414353e-06
5.49187e-06,5.8668106e-06
5.5089263e-06,5.64899e-06
5.5187515e-06,5.7170455e-06
5.482183e-06,5.5969613e-06
5.4830552e-06,5.761738e-06
5.4999273e-06,5.615547e-06
5.4966495e-06,5.610506e-06
5.490275e-06,5.893016e-06
5.475936e-06,5.6030226e-06
5.500667e-06,5.9585436e-06
5.459092e-06,5.7935213e-06
5.4524417e-06,5.606087e-06
5.4835614e-06,5.547174e-06
5.4726443e-06,5.6746517e-06
5.476855e-06,6.4523874e-06
5.461564e-06,6.1361498e-06
5.472519e-06,5.4915618e-06
5.4609823e-06,5.9605995e-06
5.4473985e-06,5.555903e-06
5.475118e-06,5.677406e-06
5.4529924e-06,5.680704e-06
5.440567e-06,5.731456e-06
5.4311404e-06,5.825642e-06
5.447786e-06,5.709677e-06
5.421396e-06,5.7951106e-06
5.4245975e-06,5.6296567e-06
5.4228676e-06,5.848499e-06
5.417596e-06,5.684932e-06
5.436152e-06,5.6709086e-06
5.4194165e-06,6.057889e-06
5.397173e-06,5.711492e-06
5.4218053e-06,5.738256e-06
5.409341e-06,5.65328e-06
5.402363e-06,5.791856e-06
5.4289258e-06,5.6067533e-06
5.4022075e-06,5.773796e-06
5.4131096e-06,5.6596787e-06
5.408582e-06,5.7401107e-06
5.40561e-06,5.5120418e-06
5.3973804e-06,5.604987e-06
5.3856747e-06,5.5783785e-06
5.399168e-06,5.5884357e-06
5.40259e-06,5.5014784e-06
5.389346e-06,5.9147715e-06
5.3773774e-06,5.6943995e-06
5.3758113e-06,5.6410545e-06
5.3730987e-06,5.526366e-06
5.3606304e-06,5.7279594e-06
5.3873746e-06,5.5506025e-06
5.3704007e-06,5.705201e-06
5.367937e-06,5.4618918e-06
5.361191e-06,5.595703e-06
5.3789927e-06,5.7873426e-06
5.3662607e-06,5.578659e-06
5.354e-06,5.6079866e-06
5.354922e-06,5.6620916e-06
5.3559543e-06,5.5479904e-06
5.333826e-06,5.8252554e-06
5.358126e-06,5.4495204e-06
5.3272847e-06,5.694211e-06
5.3362905e-06,5.431111e-06
5.345631e-06,5.7525767e-06
5.3298686e-06,5.473417e-06
5.3325657e-06,5.891383e-06
5.3166887e-06,5.6890517e-06
5.322902e-06,5.7458137e-06
5.3234016e-06,5.6981357e-06
5.3268336e-06,5.6097797e-06
5.335475e-06,5.578561e-06
5.317113e-06,5.4189e-06
5.313381e-06,5.6323624e-06
5.31169e-06,5.433881e-06
5.315103e-06,5.329751e-06
5.315124e-06,5.5015057e-06
5.2907517e-06,5.294082e-06
5.2936202e-06,5.594786e-06
5.3018507e-06,5.566179e-06
5.296353e-06,5.5864784e-06
5.2937053e-06,5.4355896e-06
5.2765777e-06,5.54421e-06
5.2967957e-06,5.510507e-06
5.2684013e-06,5.454455e-06
5.268793e-06,5.4734664e-06
5.287749e-06,5.3450162e-06
5.2679384e-06,5.3759204e-06
5.2898736e-06,5.4243433e-06
5.2866517e-06,5.3906083e-06
5.26597e-06,5.6240547e-06
5.250755e-06,5.4101233e-06
5.268909e-06,5.442825e-06
5.255119e-06,5.580325e-06
5.2471887e-06,5.8146206e-06
5.2601345e-06,5.4787292e-06
5.238684e-06,5.3526533e-06
5.257177e-06,5.675854e-06
5.2671962e-06,5.737355e-06
5.236378e-06,5.4803704e-06
5.236119e-06,5.2810938e-06
5.2326136e-06,5.550765e-06
5.234316e-06,5.440585e-06
5.232387e-06,5.44838e-06
5.2411137e-06,5.8603737e-06
5.2357555e-06,5.5732535e-06
5.2232226e-06,5.3303315e-06
5.2133655e-06,5.263293e-06
5.214961e-06,5.5199416e-06
5.208917e-06,5.36903e-06
5.2303153e-06,5.4942707e-06
5.1935913e-06,5.4284715e-06
5.2135465e-06,5.6334675e-06
5.199632e-06,6.7063943e-06
5.215939e-06,5.546234e-06
5.2181076e-06,5.312646e-06
5.1986144e-06,5.374556e-06
5.1797315e-06,5.4342054e-06
5.203919e-06,5.4731718e-06
5.1883976e-06,5.5169016e-06
5.2031955e-06,5.376495e-06
5.165762e-06,5.5333826e-06
5.183131e-06,5.6274193e-06
5.169068e-06,5.586426e-06
5.172782e-06,5.345589e-06
5.182304e-06,5.90223e-06
5.167696e-06,5.512238e-06
5.1708826e-06,5.345846e-06
5.1638503e-06,5.4870548e-06
5.162116e-06,5.679866e-06
5.173159e-06,5.4593015e-06
5.156711e-06,5.269125e-06
5.153565e-06,5.536608e-06
5.1561124e-06,5.7133525e-06
5.158095e-06,6.092479e-06
5.1720626e-06,5.243517e-06
5.1471325e-06,5.4761276e-06
5.137159e-06,5.4794946e-06
5.1521865e-06,5.2943014e-06
5.1262286e-06,5.397425e-06
5.1500288e-06,5.3853573e-06
5.1269803e-06,5.249603e-06
5.1217635e-06,5.175324e-06
5.1298002e-06,5.5390774e-06
5.122402e-06,5.222517e-06
5.1190073e-06,5.4540046e-06
5.1072448e-06,5.499859e-06
5.1060474e-06,5.308311e-06
5.1252578e-06,5.239455e-06
5.1209195e-06,5.4092175e-06
5.089959e-06,5.68459e-06
5.124288e-06,5.3026897e-06
5.1058123e-06,5.861747e-06
5.097701e-06,5.3046865e-06
5.097865e-06,5.9358663e-06
5.0933268e-06,5.150018e-06
5.091839e-06,5.2958703e-06
5.0874955e-06,5.200462e-06
5.0909825e-06,5.67066e-06
5.0896297e-06,5.6034173e-06
5.0625754e-06,5.4277157e-06
5.096205e-06,5.3998506e-06
5.046226e-06,5.7407074e-06
5.0768685e-06,5.4034563e-06
5.0710105e-06,5.2334494e-06
5.0691656e-06,5.2111245e-06
5.0591943e-06,5.2790374e-06
5.065743e-06,5.376218e-06
5.054618e-06,5.1630886e-06
5.056654e-06,5.6134154e-06
5.055882e-06,5.197407e-06
5.057564e-06,5.16789e-06
5.0257445e-06,5.451854e-06
5.039793e-06,5.5158757e-06
5.0428107e-06,5.4142874e-06
5.0290932e-06,5.165266e-06
5.033505e-06,5.3237654e-06
5.042741e-06,5.2736696e-06
5.0440717e-06,5.323945e-06
5.038514e-06,5.408687e-06
5.0221606e-06,5.6073054e-06
5.005789e-06,5.3488216e-06
5.022747e-06,5.2143937e-06
5.0054355e-06,6.072059e-06
5.013433e-06,5.6093545e-06
5.0040253e-06,5.1189254e-06
5.0093604e-06,5.1618517e-06
5.0172416e-06,5.2900386e-06
5.002873e-06,5.0891867e-06
5.002479e-06,5.3091785e-06
4.99217e-06,5.295732e-06
4.9928744e-06,5.4309585e-06
4.984056e-06,5.2694663e-06
4.97279e-06,5.339348e-06
4.990698e-06,5.2479886e-06
4.9779433e-06,5.507993e-06
4.981453e-06,5.249879e-06
4.981428e-06,5.2290325e-06
4.9769696e-06,5.17876e-06
4.956573e-06,5.3151093e-06
4.974256e-06,5.0967183e-06
4.9712994e-06,5.843323e-06
4.970413e-06,5.3480067e-06
4.9676014e-06,5.17521e-06
4.9527434e-06,5.3711537e-06
4.9417304e-06,5.304128e-06
4.962715e-06,5.0107224e-06
4.9537184e-06,5.0663707e-06
4.9614137e-06,5.1792117e-06
4.937607e-06,5.565882e-06
4.9384557e-06,5.7020784e-06
4.9325654e-06,6.0559405e-06
4.943246e-06,5.3553736e-06
4.948946e-06,5.675666e-06
4.9238856e-06,5.3577623e-06
4.904244e-06,5.036402e-06
4.930289e-06,5.0836898e-06
4.928901e-06,5.1088064e-06
4.9412142e-06,5.268718e-06
4.899367e-06,5.177248e-06
4.924569e-06,5.464522e-06
4.8980437e-06,4.997546e-06
4.919462e-06,5.6185863e-06
4.886416e-06,5.277588e-06
4.8874913e-06,5.5863593e-06
4.91255e-06,5.1487355e-06
4.887901e-06,5.4137195e-06
4.877523e-06,5.2320897e-06
4.9098508e-06,4.9959785e-06
4.8758366e-06,5.1144552e-06
4.8903435e-06,6.862629e-06
4.8811435e-06,5.092497e-06
4.8717257e-06,5.71311e-06
4.8861193e-06,5.035203e-06
4.866551e-06,5.0181666e-06
4.8783645e-06,5.1149646e-06
4.865667e-06,5.052115e-06
4.8663283e-06,5.2555406e-06
4.8516454e-06,5.035078e-06
4.85807e-06,5.3336626e-06
4.8633055e-06,5.0845815e-06
4.8598195e-06,4.999637e-06
4.8378697e-06,5.2044975e-06
4.85035e-06,5.01842e-06
4.849442e-06,5.0625295e-06
4.833866e-06,5.570311e-06
4.8337924e-06,5.0726794e-06
4.8321813e-06,5.4515285e-06
4.8432003e-06,5.122563e-06
4.8196753e-06,5.1031493e-06
4.8204342e-06,5.152146e-06
4.8299753e-06,6.2622194e-06
4.819651e-06,5.1075026e-06
4.798286e-06,5.138631e-06
4.8052343e-06,4.9118958e-06
4.82283e-06,4.919916e-06
4.8048446e-06,5.077388e-06
4.819328e-06,5.1983848e-06
4.7785825e-06,5.07693e-06
4.827363e-06,5.139973e-06
4.796055e-06,4.9630326e-06
4.788105e-06,5.085861e-06
4.782149e-06,4.94868e-06
4.791367e-06,5.262709e-06
4.78964e-06,4.900237e-06
4.7783615e-06,5.594352e-06
4.7649482e-06,5.157018e-06
4.777027e-06,5.0746407e-06
4.7800777e-06,4.973977e-06
4.7694675e-06,5.103292e-06
4.780242e-06,5.232741e-06
4.7649933e-06,5.077287e-06
4.754233e-06,4.970537e-06
4.7556578e-06,5.418863e-06
4.745263e-06,4.9185105e-06
4.7480617e-06,5.0984668e-06
4.7632902e-06,5.269799e-06
4.754922e-06,4.9319865e-06
4.7487197e-06,5.104937e-06
4.73367e-06,5.275524e-06
4.7529497e-06,5.0584104e-06
4.7244216e-06,4.956683e-06
4.731016e-06,5.1380507e-06
4.7226804e-06,4.8755333e-06
4.7242365e-06,5.162412e-06
4.731786e-06,5.0895756e-06
4.7237663e-06,5.029643e-06
4.713407e-06,5.0100743e-06
4.709294e-06,5.005026e-06
4.719568e-06,5.096532e-06
4.7001026e-06,4.8451902e-06
4.721299e-06,4.844189e-06
4.696934e-06,5.005988e-06
4.7136155e-06,5.053234e-06
4.6883097e-06,5.2129512e-06
4.7064063e-06,5.0650087e-06
4.68114e-06,4.879909e-06
4.696609e-06,4.9365403e-06
4.696153e-06,4.94778e-06
4.6819832e-06,5.3346484e-06
4.6842315e-06,4.9880564e-06
4.690084e-06,4.8434717e-06
4.671128e-06,5.069017e-06
4.6519935e-06,5.0920044e-06
4.6855325e-06,5.1592656e-06
4.6659375e-06,4.9029313e-06
4.669146e-06,4.8391e-06
4.6362043e-06,5.0595745e-06
4.65983e-06,4.8405705e-06
4.6655396e-06,4.754286e-06
4.6564387e-06,4.749646e-06
4.647782e-06,4.866205e-06
4.662462e-06,4.8573906e-06
4.630461e-06,4.934835e-06
4.645104e-06,5.0900767e-06
4.6440764e-06,4.8024085e-06
4.6522987e-06,5.089236e-06
4.6205023e-06,5.221602e-06
4.6591754e-06,4.8961283e-06
4.60261e-06,4.7466883e-06
4.6224195e-06,4.964493e-06
4.6026403e-06,4.938511e-06
4.6194577e-06,5.5658306e-06
4.6323985e-06,5.9522445e-06
4.605073e-06,4.850215e-06
4.620599e-06,5.427561e-06
4.624927e-06,4.8917946e-06
4.6266864e-06,5.142917e-06
4.6036544e-06,4.8069915e-06
4.608483e-06,4.8643096e-06
4.5966244e-06,4.9194095e-06
4.6178884e-06,4.7116046e-06
4.5961697e-06,5.2628293e-06
4.5880156e-06,5.0061344e-06
4.597313e-06,5.1274446e-06
4.59685e-06,4.88511e-06
4.576458e-06,4.7746385e-06
4.5727315e-06,4.9450164e-06
4.5727256e-06,4.786218e-06
4.5856264e-06,4.8014585e-06
4.583153e-06,4.6544956e-06
4.5646448e-06,4.909182e-06
4.5668608e-06,4.8785287e-06
4.5528086e-06,4.8680213e-06
4.5728925e-06,5.0515628e-06
4.555819e-06,5.1544025e-06
4.561629e-06,4.991906e-06
4.5505362e-06,4.8772245e-06
4.5441816e-06,5.173812e-06
4.569554e-06,4.826419e-06
4.5614634e-06,5.010503e-06
4.541101e-06,5.0718572e-06
4.527971e-06,4.747545e-06
4.5417287e-06,4.680551e-06
4.5388424e-06,4.936419e-06
4.532743e-06,5.1662655e-06
4.527519e-06,4.936977e-06
4.5300203e-06,4.733451e-06
4.513979e-06,4.7859426e-06
4.519364e-06,5.614495e-06
4.52792e-06,4.8388906e-06
4.519902e-06,4.9679684e-06
4.508565e-06,4.6279742e-06
4.5092906e-06,4.709802e-06
4.507399e-06,4.892134e-06
4.5031866e-06,4.721177e-06
4.5135553e-06,4.681862e-06
4.503511e-06,4.7824497e-06
4.4976414e-06,4.7571652e-06
4.4995654e-06,4.8801526e-06
4.4966428e-06,5.3687813e-06
4.4892267e-06,5.0629105e-06
4.4852013e-06,4.6428227e-06
4.4875683e-06,4.824468e-06
4.48006e-06,4.793735e-06
4.476546e-06,4.7009025e-06
4.4855824e-06,4.9079167e-06
4.480518e-06,4.701464e-06
4.4743892e-06,4.624547e-06
4.4640265e-06,4.7302965e-06
4.47593e-06,4.727215e-06
4.4663693e-06,4.880511e-06
4.451359e-06,4.9193836e-06
4.467376e-06,4.5848124e-06
4.4422e-06,4.831597e-06
4.4547132e-06,4.6677983e-06
4.455008e-06,4.928033e-06
4.4540793e-06,4.899232e-06
4.455388e-06,4.7219737e-06
4.439608e-06,5.2405467e-06
4.4532885e-06,4.7030326e-06
4.457866e-06,4.9834725e-06
4.4262665e-06,4.59592e-06
4.424164e-06,4.5446986e-06
4.425499e-06,4.6623227e-06
4.4396656e-06,4.6377168e-06
4.411471e-06,4.5527536e-06
4.421566e-06,4.967851e-06
4.420279e-06,4.5935594e-06
4.415917e-06,4.5010256e-06
4.4248204e-06,4.8789047e-06
4.4060516e-06,4.7935714e-06
4.410505e-06,4.569308e-06
4.431345e-06,4.9138935e-06
4.3992377e-06,4.586795e-06
4.4015183e-06,4.6458777e-06
4.4017333e-06,4.6321825e-06
4.394073e-06,4.6168616e-06
4.3864015e-06,5.0128656e-06
4.3898476e-06,4.5059724e-06
4.3959817e-06,4.9326372e-06
4.390513e-06,4.712262e-06
4.3947607e-06,4.5064517e-06
4.383734e-06,4.8007832e-06
4.3736036e-06,4.693056e-06
4.392155e-06,4.8105185e-06
4.384427e-06,4.8242005e-06
4.3649175e-06,5.106409e-06
4.3727528e-06,4.6999585e-06
4.364712e-06,4.5864517e-06
4.3626565e-06,4.67672e-06
4.3628097e-06,4.6637956e-06
4.3443188e-06,4.497784e-06
4.3642162e-06,4.4312824e-06
4.3442083e-06,4.551997e-06
4.351646e-06,4.69943e-06
4.354801e-06,4.440299e-06
4.3619857e-06,4.6812593e-06
4.358877e-06,4.4601616e-06
4.336667e-06,4.6301434e-06
4.3515047e-06,4.539681e-06
4.3262417e-06,4.532319e-06
4.3370733e-06,4.568999e-06
4.3228592e-06,4.5771817e-06
4.341578e-06,4.697144e-06
4.3173864e-06,4.673062e-06
4.3453542e-06,4.8280217e-06
4.331203e-06,5.0214035e-06
4.321715e-06,4.742401e-06
4.3349028e-06,5.0396616e-06
4.310333e-06,4.6127698e-06
4.326301e-06,4.5747715e-06
4.3235164e-06,4.8012635e-06
4.3078708e-06,4.5435063e-06
4.3096775e-06,4.847613e-06
4.3114546e-06,4.443055e-06
4.2981233e-06,4.832547e-06
4.2991023e-06,4.8594225e-06
4.307864e-06,5.1693128e-06
4.311205e-06,4.517419e-06
4.3008718e-06,4.4598323e-06
4.296101e-06,4.7741187e-06
4.2856523e-06,5.059635e-06
4.267467e-06,4.6327377e-06
4.290388e-06,4.4086673e-06
4.2627807e-06,4.721157e-06
4.2820843e-06,4.6800637e-06
4.2769516e-06,4.9153346e-06
4.281837e-06,4.5955694e-06
4.2836555e-06,4.925409e-06
4.274244e-06,4.38903e-06
4.269275e-06,5.348909e-06
4.269855e-06,4.897549e-06
4.249193e-06,4.4114604e-06
4.2505085e-06,4.474978e-06
4.2625907e-06,4.614621e-06
4.249543e-06,4.6073233e-06
4.2515453e-06,4.5122656e-06
4.260721e-06,4.639323e-06
4.2553265e-06,4.473942e-06
4.241412e-06,4.4875774e-06
4.242872e-06,4.36815e-06
4.245514e-06,4.4422786e-06
4.2419792e-06,4.6182713e-06
4.251784e-06,4.4317558e-06
4.2343772e-06,4.4736635e-06
4.2419074e-06,4.4862263e-06
4.223654e-06,4.7234435e-06
4.2202955e-06,4.572093e-06
4.2296692e-06,4.5651586e-06
4.222704e-06,4.550579e-06
4.217294e-06,4.917717e-06
4.2301663e-06,4.7326203e-06
4.2252495e-06,5.0081194e-06
4.22235e-06,4.488205e-06
4.2100505e-06,4.836146e-06
4.221474e-06,4.9184555e-06
4.2000843e-06,4.6357272e-06
4.2156216e-06,4.687986e-06
4.208296e-06,4.3348887e-06
4.215597e-06,4.7082117e-06
4.1801227e-06,4.6416276e-06
4.1809267e-06,4.8627367e-06
4.201942e-06,4.607048e-06
4.169581e-06,4.480083e-06
4.190715e-06,4.3233176e-06
4.1935104e-06,4.6873506e-06
4.1865487e-06,4.344701e-06
4.1960366e-06,4.686324e-06
4.1946837e-06,4.2337697e-06
4.1699254e-06,4.461005e-06
4.1725516e-06,4.5919646e-06
4.186562e-06,4.457698e-06
4.1648004e-06,4.425205e-06
4.1683015e-06,4.592067e-06
4.1687645e-06,4.5204392e-06
4.1962835e-06,4.750011e-06
4.155282e-06,4.6518635e-06
4.166915e-06,4.412946e-06
4.151118e-06,4.4540657e-06
4.152007e-06,4.504254e-06
4.1726266e-06,4.564443e-06
4.1398425e-06,4.591771e-06
4.1339817e-06,4.36276e-06
4.1636613e-06,4.3920068e-06
4.1489816e-06,4.2205884e-06
4.135247e-06,4.7697395e-06
4.1356398e-06,4.3714485e-06
4.145415e-06,4.364074e-06
4.13535e-06,4.3266396e-06
4.130323e-06,4.359778e-06
4.1412554e-06,4.375262e-06
4.1195553e-06,4.577716e-06
4.1342687e-06,4.3062932e-06
4.1254325e-06,4.2519287e-06
4.1288044e-06,4.5705233e-06
4.126755e-06,4.583049e-06
4.1126664e-06,4.404303e-06
4.112704e-06,5.571301e-06
4.111465e-06,4.4133812e-06
4.1043304e-06,4.4123503e-06
4.123643e-06,4.2293414e-06
4.104138e-06,4.8987295e-06
4.1182225e-06,4.8166503e-06
4.1122407e-06,4.778611e-06
4.0930677e-06,4.343109e-06
4.0925174e-06,4.221284e-06
4.0947207e-06,4.332238e-06
4.0912632e-06,4.801361e-06
4.091883e-06,4.2917127e-06
4.090278e-06,4.5168003e-06
4.0991e-06,4.657199e-06
4.082411e-06,4.979193e-06
4.096143e-06,4.3634905e-06
4.0857485e-06,4.290012e-06
4.0751092e-06,4.281797e-06
4.082213e-06,4.3959603e-06
4.0845703e-06,4.673091e-06
4.069138e-06,4.266059e-06
4.0693794e-06,4.277233e-06
4.078485e-06,4.3212617e-06
4.0709306e-06,4.302716e-06
4.06708e-06,4.193041e-06
4.073434e-06,4.357648e-06
4.0602977e-06,4.310797e-06
4.0595005e-06,4.222619e-06
4.0657424e-06,4.4861436e-06
4.060781e-06,4.458786e-06
4.0498585e-06,4.2526317e-06
4.0657437e-06,4.293142e-06
4.0575414e-06,4.2601664e-06
4.046499e-06,4.446014e-06
4.0406335e-06,4.177391e-06
4.0424156e-06,4.4387757e-06
4.047977e-06,4.6029313e-06
4.0386412e-06,4.434228e-06
4.052544e-06,4.702924e-06
4.023918e-06,4.2843e-06
4.051443e-06,4.256204e-06
4.037343e-06,4.3207624e-06
4.0454906e-06,4.209904e-06
4.021371e-06,4.3657083e-06
4.0336313e-06,4.7388776e-06
4.014191e-06,4.3866817e-06
4.025049e-06,4.576263e-06
4.0257605e-06,4.1609333e-06
4.008192e-06,4.852181e-06
4.0196533e-06,4.249259e-06
4.0188615e-06,4.6057817e-06
3.9905835e-06,4.268201e-06
4.0056925e-06,4.2666366e-06
4.016709e-06,4.305323e-06
4.018466e-06,4.1114813e-06
3.984824e-06,4.5925117e-06
3.9937436e-06,4.311467e-06
3.997925e-06,4.407473e-06
4.0076125e-06,4.208598e-06
3.983189e-06,4.1710487e-06
3.9944025e-06,4.117398e-06
3.9983715e-06,4.420601e-06
3.992919e-06,4.30417e-06
3.9906517e-06,4.5688316e-06
3.9765746e-06,4.195348e-06
3.982621e-06,4.4763133e-06
3.99166e-06,4.4440903e-06
3.983476e-06,4.537417e-06
3.983461e-06,4.1187664e-06
3.9835422e-06,4.387939e-06
3.9774277e-06,4.330867e-06
3.9701067e-06,4.228331e-06
3.9771585e-06,4.3159903e-06
3.9724155e-06,4.182567e-06
3.9560227e-06,4.2569072e-06
3.9436036e-06,4.4457765e-06
3.9833303e-06,4.3370837e-06
3.969842e-06,4.404993e-06
3.977327e-06,4.2194524e-06
3.942856e-06,4.3449836e-06
3.957857e-06,4.1881435e-06
3.963046e-06,4.1887306e-06
3.9544984e-06,4.19403e-06
3.942909e-06,4.1767134e-06
3.9476154e-06,4.2381535e-06
3.9498454e-06,4.790462e-06
3.962974e-06,5.0926024e-06
3.938343e-06,4.207648e-06
3.951985e-06,4.5298275e-06
3.9360802e-06,4.3894183e-06
3.940833e-06,4.095885e-06
3.948032e-06,4.5655006e-06
3.9283054e-06,4.0953114e-06
3.9314086e-06,4.28289e-06
3.924744e-06,4.9023865e-06
3.930043e-06,4.3261925e-06
3.91369e-06,4.3740097e-06
3.9149986e-06,4.3353753e-06
3.9265396e-06,4.1540306e-06
3.918464e-06,4.1898124e-06
3.9137417e-06,4.243837e-06
3.9100996e-06,4.062434e-06
3.9176616e-06,4.2431025e-06
3.913104e-06,4.422138e-06
3.9175184e-06,4.166763e-06
3.9124393e-06,4.0761843e-06
3.907853e-06,4.541329e-06
3.9092633e-06,4.3031278e-06
3.900545e-06,4.1520066e-06
3.9002393e-06,4.077203e-06
3.896257e-06,4.3246687e-06
3.903799e-06,4.740796e-06
3.8938106e-06,4.6673795e-06
3.9016645e-06,4.0818322e-06
3.8919534e-06,4.5314187e-06
3.8884896e-06,4.0774466e-06
3.898926e-06,4.203665e-06
3.8892267e-06,4.211251e-06
3.8782214e-06,4.448889e-06
3.8762405e-06,4.2757724e-06
3.875815e-06,4.331032e-06
3.879479e-06,4.345089e-06
3.865112e-06,4.2351257e-06
3.8809176e-06,4.4028156e-06
3.8681083e-06,4.727056e-06
3.8595063e-06,4.1218277e-06
3.8724356e-06,4.21966e-06
3.873815e-06,4.574773e-06
3.8487055e-06,4.1621806e-06
3.867427e-06,4.1259264e-06
3.8686476e-06,5.3080935e-06
3.85317e-06,4.097843e-06
3.83808e-06,4.201471e-06
3.8659796e-06,4.0708082e-06
3.8593216e-06,4.5016386e-06
3.8540506e-06,4.049981e-06
3.8514054e-06,4.1545163e-06
3.860095e-06,4.424714e-06
3.8511976e-06,4.061745e-06
3.8525386e-06,4.416006e-06
3.843026e-06,4.1584804e-06
3.8470785e-06,4.0577506e-06
3.8512367e-06,4.029509e-06
3.8344297e-06,4.087473e-06
3.832498e-06,4.0385335e-06
3.833139e-06,4.116497e-06
3.8364296e-06,3.9413785e-06
3.8163976e-06,4.06627e-06
3.8378976e-06,4.1749763e-06
3.820973e-06,3.981971e-06
3.81623e-06,4.085791e-06
3.831319e-06,4.338213e-06
3.834931e-06,4.290338e-06
3.81955e-06,4.0558843e-06
3.8227586e-06,4.4024646e-06
3.8108142e-06,4.3537443e-06
3.8289118e-06,4.051855e-06
3.807602e-06,4.215596e-06
3.8181665e-06,4.54799e-06
3.8011258e-06,4.080712e-06
3.8090666e-06,4.052606e-06
3.8015232e-06,3.956252e-06
3.8114526e-06,4.3067866e-06
3.8003689e-06,4.001094e-06
3.8008518e-06,4.3159425e-06
3.797108e-06,4.7294607e-06
3.7936372e-06,3.9407973e-06
3.8019032e-06,4.18492e-06
3.7919917e-06,4.243723e-06
3.7991015e-06,4.256966e-06
3.7938476e-06,4.1145568e-06
3.7838784e-06,3.970504e-06
3.7831192e-06,4.0699833e-06
3.7814448e-06,4.109373e-06
3.7957248e-06,3.992773e-06
3.7906952e-06,3.9621227e-06
3.7799591e-06,4.158026e-06
3.7740135e-06,4.052704e-06
3.7750278e-06,4.1366425e-06
3.7743366e-06,4.003128e-06
3.7787574e-06,4.048409e-06
3.763041e-06,4.05255e-06
3.769745e-06,4.111019e-06
3.755208e-06,4.2099823e-06
3.7846892e-06,3.9737693e-06
3.7605348e-06,4.086791e-06
3.754157e-06,3.9416013e-06
3.7712457e-06,3.8922612e-06
3.7670754e-06,4.050225e-06
3.7627076e-06,4.2482493e-06
3.7507646e-06,3.9018482e-06
3.7520447e-06,4.022201e-06
3.7546617e-06,4.310465e-06
3.7383538e-06,4.0141717e-06
3.7549344e-06,3.986249e-06
3.7509014e-06,3.9636598e-06
3.7425161e-06,4.0142595e-06
3.7523712e-06,3.9096303e-06
3.742814e-06,4.0873506e-06
3.729576e-06,4.140911e-06
3.7317218e-06,4.08302e-06
3.7393568e-06,3.9075894e-06
3.7266243e-06,4.239577e-06
3.730177e-06,3.954891e-06
3.7324942e-06,4.045169e-06
3.7300672e-06,3.8603694e-06
3.7309371e-06,4.2862466e-06
3.7254924e-06,4.0070895e-06
3.7190825e-06,4.110218e-06
3.7282045e-06,4.08721e-06
3.7324744e-06,3.857358e-06
3.7171048e-06,4.4775975e-06
3.7290788e-06,3.981761e-06
3.7231823e-06,4.269511e-06
3.7259529e-06,3.8986814e-06
3.7073933e-06,4.1060907e-06
3.7159248e-06,3.96754e-06
3.704728e-06,3.853069e-06
3.7250068e-06,4.1445405e-06
3.711784e-06,4.168833e-06
3.6996103e-06,3.962451e-06
3.7032034e-06,4.0125515e-06
3.69147e-06,4.030709e-06
3.7075954e-06,4.038535e-06
3.6953784e-06,3.994735e-06
3.6980405e-06,3.799684e-06
3.6912936e-06,4.0060163e-06
3.6906952e-06,4.046408e-06
3.6916415e-06,4.096069e-06
3.695193e-06,4.182883e-06
3.688945e-06,4.0923114e-06
3.686165e-06,3.9012134e-06
3.6832337e-06,3.9021534e-06
3.6832357e-06,4.091953e-06
3.6925737e-06,3.971724e-06
3.6884876e-06,4.2952056e-06
3.686661e-06,4.1504322e-06
3.6919055e-06,4.026479e-06
3.6707079e-06,4.2805405e-06
3.67561e-06,3.9133206e-06
3.6718147e-06,4.1068706e-06
3.6758663e-06,4.3967757e-06
3.672535e-06,4.163564e-06
3.6645426e-06,4.012753e-06
3.6590254e-06,4.120396e-06
3.6771326e-06,3.980085e-06
3.6554718e-06,4.0937407e-06
3.6774434e-06,3.9014676e-06
3.6472838e-06,3.9997776e-06
3.6525673e-06,4.309464e-06
3.671878e-06,3.9622323e-06
3.6606677e-06,3.840892e-06
3.652773e-06,3.9209267e-06
3.650799e-06,3.9345823e-06
3.6425474e-06,4.1040075e-06
3.647969e-06,3.901128e-06
3.6469253e-06,3.9046286e-06
3.6557087e-06,4.10338e-06
3.6365795e-06,3.7935727e-06
3.655087e-06,3.9338756e-06
3.6498866e-06,4.0020823e-06
3.6394501e-06,3.856874e-06
3.6415333e-06,3.8177564e-06
3.632717e-06,3.758653e-06
3.6380375e-06,3.895396e-06
3.6339713e-06,3.8360263e-06
3.6335946e-06,3.8512603e-06
3.6310082e-06,3.989412e-06
3.6290846e-06,4.122582e-06
3.6436386e-06,4.05726e-06
3.620772e-06,3.95312e-06
3.6204435e-06,3.7748066e-06
3.6126387e-06,3.931881e-06
3.6245165e-06,3.9554307e-06
3.6225806e-06,3.8779435e-06
3.6221554e-06,3.883476e-06
3.6137399e-06,4.337129e-06
3.6147178e-06,4.1743738e-06
3.6071497e-06,3.8511284e-06
3.6055458e-06,3.9887123e-06
3.6193255e-06,3.8077017e-06
3.6053134e-06,3.8335625e-06
3.6097392e-06,3.876811e-06
3.6102929e-06,4.107246e-06
3.6118786e-06,3.7871837e-06
3.6093072e-06,3.7559369e-06
3.5977907e-06,4.133877e-06
3.6007195e-06,4.1552967e-06
3.5923877e-06,3.8059034e-06
3.6027602e-06,3.81887e-06
3.5860414e-06,4.3562604e-06
3.5957783e-06,3.879639e-06
3.5761311e-06,3.852227e-06
3.5934233e-06,4.0729574e-06
3.5814276e-06,3.9010047e-06
3.5745281e-06,3.748733e-06
3.5932608e-06,4.0022505e-06
3.5839603e-06,3.983207e-06
3.590748e-06,3.7653233e-06
3.581632e-06,4.002121e-06
3.5790522e-06,4.0322307e-06
3.5818853e-06,3.794059e-06
3.579778e-06,3.9082274e-06
3.5766402e-06,3.8958065e-06
3.5715345e-06,3.9932747e-06
3.576079e-06,3.9844945e-06
3.5738556e-06,3.9509464e-06
3.561841e-06,3.772521e-06
3.5764879e-06,4.1554604e-06
3.5562687e-06,3.935284e-06
3.5826836e-06,3.915096e-06
3.5608525e-06,3.9075835e-06
3.57407e-06,3.7584584e-06
3.5561316e-06,4.109694e-06
3.573499e-06,3.878417e-06
3.5599955e-06,3.9369684e-06
3.5562255e-06,3.7546415e-06
3.554497e-06,3.843412e-06
3.5570736e-06,3.8191483e-06
3.5655246e-06,3.7373131e-06
3.5412465e-06,3.7993439e-06
3.552332e-06,4.589136e-06
3.5610312e-06,3.8002327e-06
3.5386677e-06,3.957577e-06
3.5404034e-06,4.06674e-06
3.5465305e-06,3.889691e-06
3.5387359e-06,3.887463e-06
3.5448402e-06,3.8839607e-06
3.5331982e-06,3.863866e-06
3.5492449e-06,4.270174e-06
3.5509597e-06,3.797865e-06
3.5473124e-06,3.7170812e-06
3.527709e-06,3.969767e-06
3.5392272e-06,3.8831868e-06
3.5298206e-06,3.7835678e-06
3.536657e-06,3.9361826e-06
3.5189732e-06,3.703869e-06
3.531196e-06,3.99864e-06
3.5287976e-06,3.8352255e-06
3.524828e-06,3.6942997e-06
3.5143426e-06,3.7496288e-06
3.5235971e-06,4.0538866e-06
3.5104626e-06,3.7760065e-06
3.5247474e-06,3.8365183e-06
3.5173e-06,3.6618762e-06
3.5095359e-06,3.809736e-06
3.5109158e-06,3.8417443e-06
3.521589e-06,3.7831383e-06
3.5051273e-06,3.8176527e-06
3.5076196e-06,3.752275e-06
3.498009e-06,3.991317e-06
3.5043513e-06,3.927692e-06
3.496122e-06,3.6946346e-06
3.5125922e-06,3.784908e-06
3.505598e-06,3.9390025e-06
3.4935676e-06,4.24581e-06
3.4933653e-06,3.7185405e-06
3.4840718e-06,3.7260977e-06
3.4977993e-06,3.7156176e-06
3.505873e-06,3.8350317e-06
3.4842976e-06,3.763198e-06
3.486268e-06,3.7514546e-06
3.4929699e-06,3.6794509e-06
3.4947773e-06,3.800958e-06
3.4923046e-06,4.0462737e-06
3.4838217e-06,3.845194e-06
3.4870686e-06,3.6833592e-06
3.4811305e-06,3.7418888e-06
3.4765296e-06,3.845524e-06
3.4865e-06,3.6798401e-06
3.4791933e-06,3.7292018e-06
3.4736925e-06,3.7550521e-06
3.468971e-06,4.242628e-06
3.4763932e-06,3.6372667e-06
3.480905e-06,3.7070515e-06
3.4667642e-06,3.8101487e-06
3.472258e-06,3.748049e-06
3.4710533e-06,3.7158486e-06
3.470835e-06,3.7731477e-06
3.466552e-06,3.7905163e-06
3.4688535e-06,3.6668291e-06
3.4683499e-06,3.6776478e-06
3.4592101e-06,3.7905259e-06
3.4676384e-06,3.7158195e-06
3.4592156e-06,3.7409966e-06
3.4606508e-06,4.7680414e-06
3.4598906e-06,3.939562e-06
3.459797e-06,3.8014182e-06
3.4459922e-06,4.127349e-06
3.4537657e-06,3.6829927e-06
3.4410937e-06,3.7623574e-06
3.4570312e-06,3.7086186e-06
3.4505379e-06,3.738404e-06
3.4495056e-06,3.8141752e-06
3.4376883e-06,3.6807805e-06
3.4457134e-06,4.01914e-06
3.443385e-06,3.8960156e-06
3.4506731e-06,3.677784e-06
3.4442028e-06,3.7831899e-06
3.440909e-06,3.9259976e-06
3.4318107e-06,3.7342775e-06
3.4355085e-06,3.6092579e-06
3.4429231e-06,4.01839e-06
3.4438808e-06,3.6777033e-06
3.427217e-06,4.2398656e-06
3.4326238e-06,4.4296016e-06
3.4441236e-06,3.7965199e-06
3.4381121e-06,3.6605893e-06
3.4292832e-06,3.6740166e-06
3.4157408e-06,4.02761e-06
3.4277448e-06,3.6859046e-06
3.4122766e-06,3.6381482e-06
3.4376633e-06,3.784785e-06
3.415639e-06,3.6533966e-06
3.4158609e-06,3.7565571e-06
3.4187947e-06,3.5979367e-06
3.406004e-06,3.671073e-06
3.4136538e-06,3.7946843e-06
3.420301e-06,3.7316247e-06
3.4201976e-06,3.9184806e-06
3.4228156e-06,3.6368203e-06
3.398952e-06,3.6579024e-06
3.4131974e-06,3.60305e-06
3.404195e-06,3.5750072e-06
3.4031048e-06,3.7433456e-06
3.404717e-06,3.731644e-06
3.393882e-06,3.6243812e-06
3.3989575e-06,3.62409e-06
3.3927483e-06,3.600798e-06
3.396899e-06,3.710912e-06
3.4139039e-06,3.5787807e-06
3.3948434e-06,3.874135e-06
3.3884155e-06,3.6323702e-06
3.391717e-06,3.7038117e-06
3.3978208e-06,3.646411e-06
3.3890176e-06,3.55877e-06
3.3748859e-06,3.72166e-06
3.3865729e-06,4.4388976e-06
3.3917822e-06,3.6813285e-06
3.3823198e-06,3.7327234e-06
3.3786614e-06,4.187203e-06
3.389776e-06,4.1408352e-06
3.3825436e-06,3.7236614e-06
3.3827869e-06,3.6160075e-06
3.3742872e-06,3.7769635e-06
3.3860028e-06,3.6094605e-06
3.368339e-06,3.6230063e-06
3.375166e-06,3.75215e-06
3.3773745e-06,3.7236916e-06
3.3719223e-06,3.7007292e-06
3.3720012e-06,3.55716e-06
3.3679287e-06,3.6132428e-06
3.3634276e-06,3.6511024e-06
3.3684055e-06,3.6347378e-06
3.3753302e-06,3.61575e-06
3.3642086e-06,3.7845618e-06
3.3735444e-06,3.71115e-06
3.3589101e-06,3.8769444e-06
3.3562653e-06,3.5522469e-06
3.3613783e-06,3.5796807e-06
3.3546269e-06,3.7783932e-06
3.3616052e-06,3.78213e-06
3.3407978e-06,3.5647602e-06
3.3587605e-06,3.759619e-06
3.3571812e-06,3.7159657e-06
3.3511108e-06,3.607975e-06
3.3459e-06,3.7721209e-06
3.3433926e-06,3.505312e-06
3.33187e-06,3.5967323e-06
3.3631459e-06,3.857238e-06
3.3345561e-06,3.6233612e-06
3.3417139e-06,3.6150948e-06
3.3401143e-06,3.7864863e-06
3.342694e-06,3.6126994e-06
3.337949e-06,3.6235194e-06
3.34126e-06,3.8271974e-06
3.3330077e-06,3.5785556e-06
3.333642e-06,3.596873e-06
3.3308963e-06,3.6626577e-06
3.3306762e-06,3.681928e-06
3.3308868e-06,4.3786063e-06
3.3208598e-06,3.5709722e-06
3.3360209e-06,3.6062236e-06
3.3276042e-06,3.6122303e-06
3.3241506e-06,3.677219e-06
3.3273013e-06,3.9973183e-06
3.3237527e-06,4.087297e-06
3.333117e-06,3.8539806e-06
3.324267e-06,3.6524555e-06
3.3238696e-06,3.9192287e-06
3.3177632e-06,3.5914743e-06
3.3290746e-06,3.743757e-06
3.3201802e-06,3.5863372e-06
3.3045535e-06,3.5303428e-06
3.3225188e-06,3.6419526e-06
3.3046977e-06,3.4997886e-06
3.3150884e-06,3.5575092e-06
3.310242e-06,3.4686554e-06
3.3097879e-06,3.6113495e-06
3.298813e-06,3.7043872e-06
3.3030162e-06,3.635099e-06
3.3023816e-06,3.8169105e-06
3.2967928e-06,3.6071356e-06
3.3039619e-06,3.6504669e-06
3.2990417e-06,3.5179394e-06
3.3032823e-06,3.6508209e-06
3.2924552e-06,3.7267569e-06
3.280193e-06,3.5974388e-06
3.2991825e-06,3.5006035e-06
3.288891e-06,3.5061867e-06
3.2920454e-06,3.870654e-06
3.2975408e-06,3.4984732e-06
3.2791727e-06,3.6101114e-06
3.2939488e-06,3.5359867e-06
3.2811265e-06,3.4436673e-06
3.2776907e-06,3.494203e-06
3.28554e-06,3.649739e-06
3.2785038e-06,3.6044412e-06
3.302705e-06,3.618575e-06
3.2706807e-06,3.83636e-06
3.2813464e-06,3.6392855e-06
3.2826822e-06,3.790233e-06
3.2745213e-06,3.548038e-06
3.2795983e-06,3.7339387e-06
3.2750365e-06,3.542552e-06
3.2825176e-06,3.7429822e-06
3.2695893e-06,3.7768973e-06
3.267737e-06,3.6480433e-06
3.2668318e-06,3.5003095e-06
3.2768594e-06,3.551467e-06
3.2614344e-06,3.60308e-06
3.2722483e-06,3.5911253e-06
3.2662417e-06,3.7623188e-06
3.2555631e-06,3.616306e-06
3.264389e-06,3.557878e-06
3.2654548e-06,3.541161e-06
3.2567891e-06,3.512161e-06
3.25658e-06,3.4830628e-06
3.2541695e-06,3.5398657e-06
3.26514e-06,3.5563519e-06
3.2534476e-06,3.457903e-06
3.2506612e-06,3.518042e-06
3.248895e-06,3.69375e-06
3.2583944e-06,3.7217528e-06
3.2440955e-06,3.462403e-06
3.2555408e-06,3.4332907e-06
3.247986e-06,3.4480674e-06
3.2435432e-06,3.6659833e-06
3.2418588e-06,3.5197527e-06
3.2438884e-06,3.7125508e-06
3.2416908e-06,3.436353e-06
3.2510773e-06,3.8642606e-06
3.246297e-06,3.6286747e-06
3.2342925e-06,3.7980722e-06
3.2398566e-06,3.4916059e-06
3.2351647e-06,3.9578194e-06
3.2417286e-06,3.5808198e-06
3.2326334e-06,3.816257e-06
3.242954e-06,3.45534e-06
3.2421708e-06,3.4991454e-06
3.2301145e-06,3.478127e-06
3.2383566e-06,3.5046123e-06
3.2206242e-06,3.619527e-06
3.2243256e-06,3.4850912e-06
3.2254106e-06,3.6368112e-06
3.2304074e-06,3.7448124e-06
3.213692e-06,3.500502e-06
3.2225207e-06,3.7441587e-06
3.2186038e-06,3.5400312e-06
3.2237754e-06,3.6757936e-06
3.223056e-06,3.5274145e-06
3.2163623e-06,3.6454276e-06
3.2222817e-06,3.5658989e-06
3.2160785e-06,3.724042e-06
3.2228631e-06,3.6364402e-06
3.211328e-06,3.450969e-06
3.1986747e-06,3.4915604e-06
3.2273092e-06,3.6766648e-06
3.2052683e-06,3.849659e-06
3.2142157e-06,3.4974732e-06
3.2129133e-06,3.4741329e-06
3.2168255e-06,3.620535e-06
3.2041569e-06,3.7985267e-06
3.2095816e-06,3.540452e-06
3.2045696e-06,3.4256407e-06
3.201169e-06,3.4503937e-06
3.1979855e-06,3.559637e-06
3.1998059e-06,3.419689e-06
3.2048783e-06,3.7673847e-06
3.1928878e-06,3.4992124e-06
3.1985278e-06,3.5770215e-06
3.1969948e-06,3.6043543e-06
3.2103574e-06,3.7150212e-06
3.184998e-06,3.5406197e-06
3.1911163e-06,3.5647515e-06
3.1940508e-06,3.3997117e-06
3.1904476e-06,3.5982114e-06
3.1968218e-06,3.6907647e-06
3.1891875e-06,3.5052485e-06
3.1758593e-06,3.4490845e-06
3.1947227e-06,3.413228e-06
3.1783634e-06,3.8583016e-06
3.178765e-06,3.7520722e-06
3.1860093e-06,3.6284814e-06
3.183437e-06,3.7116133e-06
3.180218e-06,3.5593207e-06
3.179323e-06,3.4764344e-06
3.1763175e-06,3.4874836e-06
3.176999e-06,3.4246932e-06
3.1726147e-06,3.4121972e-06
3.1764885e-06,3.3685067e-06
3.1700567e-06,3.5473254e-06
3.179505e-06,3.7111797e-06
3.1639065e-06,3.611502e-06
3.1614786e-06,3.5536327e-06
3.1664429e-06,3.5594283e-06
3.1565228e-06,3.4729746e-06
3.170614e-06,3.3805927e-06
3.1681618e-06,3.4240659e-06
3.1628538e-06,3.4167304e-06
3.162834e-06,3.8215917e-06
3.1547881e-06,3.5564274e-06
3.1682648e-06,3.446961e-06
3.155045e-06,3.4161735e-06
3.165293e-06,3.529837e-06
3.1509903e-06,3.4020936e-06
3.1601521e-06,3.4545892e-06
3.162831e-06,3.7712593e-06
3.1565683e-06,3.462136e-06
3.1530267e-06,3.5229455e-06
3.1482155e-06,3.409856e-06
3.146061e-06,3.4509053e-06
3.1524714e-06,3.479568e-06
3.1469597e-06,3.354093e-06
3.1527693e-06,3.4888922e-06
3.13949e-06,3.3511444e-06
3.1433026e-06,3.4636005e-06
3.1431587e-06,3.4516972e-06
3.1425043e-06,3.883228e-06
3.1506681e-06,3.360771e-06
3.1361467e-06,3.5112862e-06
3.1414918e-06,3.515532e-06
3.1382501e-06,3.3616714e-06
3.138866e-06,3.370047e-06
3.1412774e-06,3.4393602e-06
3.13377e-06,3.4424281e-06
3.1333411e-06,3.8140295e-06
3.1396414e-06,3.3659676e-06
3.138209e-06,3.318855e-06
3.1399134e-06,3.6544184e-06
3.1413051e-06,3.569404e-06
3.1297998e-06,3.2855996e-06
3.129801e-06,3.3221295e-06
3.1302227e-06,3.571549e-06
3.1233415e-06,3.7038078e-06
3.1236982e-06,3.3769857e-06
3.121358e-06,3.4042243e-06
3.12026e-06,3.7657844e-06
3.1302307e-06,3.54112e-06
3.1116879e-06,3.4345107e-06
3.1223256e-06,4.2381857e-06
3.1131547e-06,3.634301e-06
3.108466e-06,3.3556228e-06
3.112051e-06,3.5365908e-06
3.117491e-06,3.3565352e-06
3.1195398e-06,3.4010548e-06
3.1084928e-06,3.4848583e-06
3.1096008e-06,3.3974695e-06
3.1051127e-06,3.4012e-06
3.1132163e-06,3.3763042e-06
3.1094562e-06,3.3342828e-06
3.1084921e-06,3.355561e-06
3.108455e-06,3.3724182e-06
3.0958488e-06,3.4052782e-06
3.1077184e-06,3.6250706e-06
3.110199e-06,3.3881436e-06
3.0983713e-06,3.2918588e-06
3.104396e-06,3.3380418e-06
3.0947085e-06,3.3758784e-06
3.1079078e-06,3.482704e-06
3.0815372e-06,3.7547572e-06
3.102982e-06,3.338002e-06
3.1054035e-06,3.539062e-06
3.0964914e-06,3.4019818e-06
3.0985009e-06,3.4042512e-06
3.1075826e-06,3.4225775e-06
3.0949968e-06,3.7450668e-06
3.086707e-06,3.317827e-06
3.10101e-06,3.4135273e-06
3.0916804e-06,3.448458e-06
3.0905273e-06,3.3939718e-06
3.0799629e-06,3.666735e-06
3.0908557e-06,3.2908645e-06
3.0814156e-06,3.3237502e-06
